There	EX	there	B-Entity
was	VBD	be	O
once	RB	once	O
a	DT	a	B-Entity
miller	NN	miller	I-Entity
who	WP	who	I-Entity
had	VBD	have	I-Entity
one	CD	one	I-Entity
beautiful	JJ	beautiful	I-Entity
daughter	NN	daughter	I-Entity
,	,	,	O
and	CC	and	O
as	IN	as	O
she	PRP	she	O
was	VBD	be	O
grown	VBN	grow	O
up	RP	up	O
,	,	,	O
he	PRP	he	O
was	VBD	be	O
anxious	JJ	anxious	O
that	IN	that	O
she	PRP	she	O
should	MD	should	O
be	VB	be	O
well	RB	well	O
married	VBN	marry	O
and	CC	and	O
provided	VBN	provide	O
for	IN	for	O
.	.	.	O


He	PRP	he	O
said	VBD	say	O
to	TO	to	O
himself	PRP	himself	O
,	,	,	O
'	''	'	O
I	PRP	I	O
will	MD	will	O
give	VB	give	O
her	PRP	she	O
to	TO	to	O
the	DT	the	B-Entity
first	JJ	first	I-Entity
suitable	JJ	suitable	I-Entity
man	NN	man	I-Entity
who	WP	who	I-Entity
comes	VBZ	come	I-Entity
and	CC	and	I-Entity
asks	VBZ	ask	I-Entity
for	IN	for	I-Entity
her	PRP$	she	I-Entity
hand	NN	hand	I-Entity
.	.	.	O
'	''	'	O
Not	RB	not	O
long	RB	long	O
after	IN	after	O
a	DT	a	B-Entity
suitor	NN	suitor	I-Entity
appeared	VBD	appear	O
,	,	,	O
and	CC	and	O
as	IN	as	O
he	PRP	he	O
appeared	VBD	appear	O
to	TO	to	O
be	VB	be	O
very	RB	very	O
rich	JJ	rich	O
and	CC	and	O
the	DT	the	B-Entity
miller	NN	miller	I-Entity
could	MD	could	O
see	VB	see	O
nothing	NN	nothing	B-Entity
in	IN	in	I-Entity
him	PRP	he	I-Entity
with	IN	with	I-Entity
which	WDT	which	I-Entity
to	TO	to	I-Entity
find	VB	find	I-Entity
fault	NN	fault	I-Entity
,	,	,	O
he	PRP	he	O
betrothed	VBD	betroth	O
his	PRP$	he	B-Entity
daughter	NN	daughter	I-Entity
to	TO	to	O
him	PRP	he	O
.	.	.	O

But	CC	but	O
the	DT	the	B-Entity
girl	NN	girl	I-Entity
did	VBD	do	O
not	RB	not	O
care	VB	care	O
for	IN	for	O
the	DT	the	B-Entity
man	NN	man	I-Entity
as	IN	as	O
a	DT	a	B-Entity
girl	NN	girl	I-Entity
ought	MD	ought	O
to	TO	to	O
care	VB	care	O
for	IN	for	O
her	PRP$	she	B-Entity
betrothed	JJ	betrothed	I-Entity
husband	NN	husband	I-Entity
.	.	.	O

She	PRP	she	O
did	VBD	do	O
not	RB	not	O
feel	VB	feel	O
that	IN	that	O
she	PRP	she	O
could	MD	could	O
trust	VB	trust	O
him	PRP	he	O
,	,	,	O
and	CC	and	O
she	PRP	she	O
could	MD	could	O
not	RB	not	O
look	VB	look	O
at	IN	at	O
him	PRP	he	O
nor	CC	nor	O
think	VB	think	O
of	IN	of	O
him	PRP	he	O
without	IN	without	O
an	DT	a	B-Entity
inward	JJ	inward	I-Entity
shudder	NN	shudder	I-Entity
.	.	.	O

One	CD	one	B-Entity
day	NN	day	I-Entity
he	PRP	he	O
said	VBD	say	O
to	TO	to	O
her	PRP	she	O
,	,	,	O
'	''	'	O
You	PRP	you	O
have	VBP	have	O
not	RB	not	O
yet	RB	yet	O
paid	VBN	pay	O
me	PRP	I	O
a	DT	a	B-Entity
visit	NN	visit	I-Entity
,	,	,	O
although	IN	although	O
we	PRP	we	O
have	VBP	have	O
been	VBN	be	O
betrothed	VBN	betroth	O
for	IN	for	O
some	DT	some	B-Entity
time	NN	time	I-Entity
.	.	.	O
'	''	'	O
'	''	'	O
I	PRP	I	O
do	VBP	do	O
not	RB	not	O
know	VB	know	O
where	WRB	where	O
your	PRP$	you	B-Entity
house	NN	house	I-Entity
is	VBZ	be	O
,	,	,	O
'	''	'	O
she	PRP	she	O
answered	VBD	answer	O
.	.	.	O

'	''	'	O
My	PRP$	my	B-Entity
house	NN	house	I-Entity
is	VBZ	be	O
out	RB	out	O
there	RB	there	O
in	IN	in	O
the	DT	the	B-Entity
dark	JJ	dark	I-Entity
forest	NN	forest	I-Entity
,	,	,	O
'	''	'	O
he	PRP	he	O
said	VBD	say	O
.	.	.	O

She	PRP	she	O
tried	VBD	try	O
to	TO	to	O
excuse	VB	excuse	O
herself	PRP	herself	O
by	IN	by	O
saying	VBG	say	O
that	IN	that	O
she	PRP	she	O
would	MD	would	O
not	RB	not	O
be	VB	be	O
able	JJ	able	O
to	TO	to	O
find	VB	find	O
the	DT	the	B-Entity
way	NN	way	I-Entity
thither	RB	thither	I-Entity
.	.	.	O

Her	PRP$	she	B-Entity
betrothed	NN	betrothed	I-Entity
only	RB	only	O
replied	VBD	reply	O
,	,	,	O
'	''	'	O
You	PRP	you	O
must	MD	must	O
come	VB	come	O
and	CC	and	O
see	VB	see	O
me	PRP	I	O
next	JJ	next	B-Entity
Sunday	NNP	Sunday	I-Entity
;	:	;	O
I	PRP	I	O
have	VBP	have	O
already	RB	already	O
invited	VBN	invite	O
guests	NNS	guest	B-Entity
for	IN	for	O
that	DT	that	B-Entity
day	NN	day	I-Entity
,	,	,	O
and	CC	and	O
that	IN	that	O
you	PRP	you	O
may	MD	may	O
not	RB	not	O
mistake	NN	mistake	O
the	DT	the	B-Entity
way	NN	way	I-Entity
,	,	,	O
I	PRP	I	O
will	MD	will	O
strew	VB	strew	O
ashes	NNS	ash	B-Entity
along	IN	along	O
the	DT	the	B-Entity
path	NN	path	I-Entity
.	.	.	O
'	''	'	O

When	WRB	when	O
Sunday	NNP	Sunday	B-Entity
came	VBD	come	O
,	,	,	O
and	CC	and	O
it	PRP	it	O
was	VBD	be	O
time	NN	time	B-Entity
for	IN	for	I-Entity
the	DT	the	I-Entity
girl	NN	girl	I-Entity
to	TO	to	I-Entity
start	VB	start	I-Entity
,	,	,	O
a	DT	a	B-Entity
feeling	NN	feeling	I-Entity
of	IN	of	I-Entity
dread	NN	dread	I-Entity
came	VBD	come	O
over	IN	over	O
her	PRP	she	O
which	WDT	which	O
she	PRP	she	O
could	MD	could	O
not	RB	not	O
explain	VB	explain	O
,	,	,	O
and	CC	and	O
that	IN	that	O
she	PRP	she	O
might	MD	might	O
be	VB	be	O
able	JJ	able	O
to	TO	to	O
find	VB	find	O
her	PRP$	she	B-Entity
path	NN	path	I-Entity
again	RB	again	O
,	,	,	O
she	PRP	she	O
filled	VBD	fill	O
her	PRP$	she	B-Entity
pockets	NNS	pocket	I-Entity
with	IN	with	O
peas	NNS	pea	B-Entity
and	CC	and	I-Entity
lentils	NNS	lentil	I-Entity
to	TO	to	O
sprinkle	VB	sprinkle	O
on	IN	on	O
the	DT	the	B-Entity
ground	NN	ground	I-Entity
as	IN	as	O
she	PRP	she	O
went	VBD	go	O
along	RB	along	O
.	.	.	O

On	IN	on	O
reaching	VBG	reach	O
the	DT	the	B-Entity
entrance	NN	entrance	I-Entity
to	TO	to	I-Entity
the	DT	the	I-Entity
forest	NN	forest	I-Entity
she	PRP	she	O
found	VBD	find	O
the	DT	the	B-Entity
path	NN	path	I-Entity
strewed	VBN	strew	O
with	IN	with	O
ashes	NNS	ash	B-Entity
,	,	,	O
and	CC	and	O
these	DT	these	O
she	PRP	she	O
followed	VBD	follow	O
,	,	,	O
throwing	VBG	throw	O
down	RP	down	O
some	DT	some	B-Entity
peas	NNS	pea	I-Entity
on	IN	on	O
either	DT	either	B-Entity
side	NN	side	I-Entity
of	IN	of	I-Entity
her	PRP	she	I-Entity
at	IN	at	O
every	DT	every	B-Entity
step	NN	step	I-Entity
she	PRP	she	I-Entity
took	VBD	take	I-Entity
.	.	.	O

She	PRP	she	O
walked	VBD	walk	O
the	DT	the	B-Entity
whole	JJ	whole	I-Entity
day	NN	day	I-Entity
until	IN	until	O
she	PRP	she	O
came	VBD	come	O
to	TO	to	O
the	DT	the	B-Entity
deepest	JJS	deepest	I-Entity
,	,	,	I-Entity
darkest	JJS	darkest	I-Entity
part	NN	part	I-Entity
of	IN	of	I-Entity
the	DT	the	I-Entity
forest	NN	forest	I-Entity
.	.	.	O

There	EX	there	B-Entity
she	PRP	she	O
saw	VBD	see	O
a	DT	a	B-Entity
lonely	JJ	lonely	I-Entity
house	NN	house	I-Entity
,	,	,	O
looking	VBG	look	O
so	RB	so	O
grim	JJ	grim	O
and	CC	and	O
mysterious	JJ	mysterious	O
,	,	,	O
that	IN	that	O
it	PRP	it	O
did	VBD	do	O
not	RB	not	O
please	VB	please	O
her	PRP	she	O
at	IN	at	O
all	DT	all	O
.	.	.	O

She	PRP	she	O
stepped	VBD	step	O
inside	RB	inside	O
,	,	,	O
but	CC	but	O
not	RB	not	B-Entity
a	DT	a	I-Entity
soul	NN	soul	I-Entity
was	VBD	be	O
to	TO	to	O
be	VB	be	O
seen	VBN	see	O
,	,	,	O
and	CC	and	O
a	DT	a	B-Entity
great	JJ	great	I-Entity
silence	NN	silence	I-Entity
reigned	VBD	reign	O
throughout	RB	throughout	O
.	.	.	O

Suddenly	RB	suddenly	O
a	DT	a	B-Entity
voice	NN	voice	I-Entity
cried	VBD	cry	O
:	:	:	O

'	POS	'	O
Turn	NN	turn	O
back	RB	back	O
,	,	,	O
turn	VB	turn	O
back	RB	back	O
,	,	,	O
young	JJ	young	B-Entity
maiden	JJ	maiden	I-Entity
fair	NN	fair	I-Entity
,	,	,	O
Linger	VB	linger	O
not	RB	not	O
in	IN	in	O
this	DT	this	B-Entity
murderers	NNS	murderer	I-Entity
'	POS	'	I-Entity
lair	NN	lair	I-Entity
.	.	.	O
'	''	'	O

The	DT	the	B-Entity
girl	NN	girl	I-Entity
looked	VBD	look	O
up	RB	up	O
and	CC	and	O
saw	VBD	see	O
that	IN	that	O
the	DT	the	B-Entity
voice	NN	voice	I-Entity
came	VBD	come	O
from	IN	from	O
a	DT	a	B-Entity
bird	NN	bird	I-Entity
hanging	NN	hanging	I-Entity
in	IN	in	I-Entity
a	DT	a	I-Entity
cage	NN	cage	I-Entity
on	IN	on	I-Entity
the	DT	the	I-Entity
wall	NN	wall	I-Entity
.	.	.	O

Again	RB	again	O
it	PRP	it	O
cried	VBD	cry	O
:	:	:	O

'	POS	'	O
Turn	NN	turn	O
back	RB	back	O
,	,	,	O
turn	VB	turn	O
back	RB	back	O
,	,	,	O
young	JJ	young	B-Entity
maiden	JJ	maiden	I-Entity
fair	NN	fair	I-Entity
,	,	,	O
Linger	VB	linger	O
not	RB	not	O
in	IN	in	O
this	DT	this	B-Entity
murderers	NNS	murderer	I-Entity
'	POS	'	I-Entity
lair	NN	lair	I-Entity
.	.	.	O
'	''	'	O

The	DT	the	B-Entity
girl	NN	girl	I-Entity
passed	VBD	pass	O
on	IN	on	O
,	,	,	O
going	VBG	go	O
from	IN	from	O
room	NN	room	B-Entity
to	TO	to	O
room	NN	room	B-Entity
of	IN	of	O
the	DT	the	B-Entity
house	NN	house	I-Entity
,	,	,	O
but	CC	but	O
they	PRP	they	O
were	VBD	be	O
all	DT	all	O
empty	JJ	empty	O
,	,	,	O
and	CC	and	O
still	RB	still	O
she	PRP	she	O
saw	VBD	see	O
no	DT	no	B-Entity
one	NN	one	I-Entity
.	.	.	O

At	IN	at	O
last	JJ	last	O
she	PRP	she	O
came	VBD	come	O
to	TO	to	O
the	DT	the	B-Entity
cellar	NN	cellar	I-Entity
,	,	,	O
and	CC	and	O
there	EX	there	B-Entity
sat	VBD	sit	O
a	DT	a	B-Entity
very	RB	very	I-Entity
,	,	,	I-Entity
very	RB	very	I-Entity
old	JJ	old	I-Entity
woman	NN	woman	I-Entity
,	,	,	I-Entity
who	WP	who	I-Entity
could	MD	could	I-Entity
not	RB	not	I-Entity
keep	VB	keep	I-Entity
her	PRP$	she	I-Entity
head	NN	head	I-Entity
from	IN	from	I-Entity
shaking	VBG	shake	I-Entity
.	.	.	O

'	''	'	O
Can	MD	can	O
you	PRP	you	O
tell	VB	tell	O
me	PRP	I	O
,	,	,	O
'	''	'	O
asked	VBD	ask	O
the	DT	the	B-Entity
girl	NN	girl	I-Entity
,	,	,	O
'if	NN	'if	O
my	PRP$	my	B-Entity
betrothed	VBN	betroth	I-Entity
husband	NN	husband	I-Entity
lives	NNS	life	O
here	RB	here	O
?	.	?	O
'	''	'	O

'	POS	'	O
Ah	NN	ah	O
,	,	,	O
you	PRP	you	B-Entity
poor	JJ	poor	I-Entity
child	NN	child	I-Entity
,	,	,	O
'	''	'	O
answered	VBD	answer	O
the	DT	the	B-Entity
old	JJ	old	I-Entity
woman	NN	woman	I-Entity
,	,	,	O
'what	VBP	'what	O
a	DT	a	B-Entity
place	NN	place	I-Entity
for	IN	for	I-Entity
you	PRP	you	I-Entity
to	TO	to	I-Entity
come	VB	come	I-Entity
to	TO	to	I-Entity
!	.	!	O

This	DT	this	B-Entity
is	VBZ	be	O
a	DT	a	B-Entity
murderers	NNS	murderer	I-Entity
'	POS	'	I-Entity
den	NN	den	I-Entity
.	.	.	O

You	PRP	you	O
think	VBP	think	O
yourself	PRP	yourself	O
a	DT	a	B-Entity
promised	JJ	promised	I-Entity
bride	NN	bride	I-Entity
,	,	,	O
and	CC	and	O
that	IN	that	O
your	PRP$	you	B-Entity
marriage	NN	marriage	I-Entity
will	MD	will	O
soon	RB	soon	O
take	VB	take	O
place	NN	place	O
,	,	,	O
but	CC	but	O
it	PRP	it	O
is	VBZ	be	O
with	IN	with	O
death	NN	death	B-Entity
that	IN	that	O
you	PRP	you	O
will	MD	will	O
keep	VB	keep	O
your	PRP$	you	B-Entity
marriage	NN	marriage	I-Entity
feast	NN	feast	I-Entity
.	.	.	O

Look	VB	look	O
,	,	,	O
do	VB	do	O
you	PRP	you	O
see	VB	see	O
that	DT	that	B-Entity
large	JJ	large	I-Entity
cauldron	NN	cauldron	I-Entity
of	IN	of	I-Entity
water	NN	water	I-Entity
which	WDT	which	I-Entity
I	PRP	I	I-Entity
am	VBP	be	I-Entity
obliged	VBN	oblige	I-Entity
to	TO	to	I-Entity
keep	VB	keep	I-Entity
on	IN	on	I-Entity
the	DT	the	I-Entity
fire	NN	fire	I-Entity
!	.	!	O

As	RB	as	O
soon	RB	soon	O
as	IN	as	O
they	PRP	they	O
have	VBP	have	O
you	PRP	you	O
in	IN	in	O
their	PRP$	they	B-Entity
power	NN	power	I-Entity
they	PRP	they	O
will	MD	will	O
kill	VB	kill	O
you	PRP	you	O
without	IN	without	O
mercy	NN	mercy	B-Entity
,	,	,	O
and	CC	and	O
cook	NN	cook	O
and	CC	and	O
eat	VB	eat	O
you	PRP	you	O
,	,	,	O
for	IN	for	O
they	PRP	they	O
are	VBP	be	O
eaters	NNS	eater	B-Entity
of	IN	of	I-Entity
men	NNS	man	I-Entity
.	.	.	O

If	IN	if	O
I	PRP	I	O
did	VBD	do	O
not	RB	not	O
take	VB	take	O
pity	NN	pity	B-Entity
on	IN	on	O
you	PRP	you	O
and	CC	and	O
save	VB	save	O
you	PRP	you	O
,	,	,	O
you	PRP	you	O
would	MD	would	O
be	VB	be	O
lost	VBN	lose	O
.	.	.	O
'	''	'	O

Thereupon	NNP	Thereupon	O
the	DT	the	B-Entity
old	JJ	old	I-Entity
woman	NN	woman	I-Entity
led	VBD	lead	O
her	PRP	she	O
behind	IN	behind	O
a	DT	a	B-Entity
large	JJ	large	I-Entity
cask	NN	cask	I-Entity
,	,	,	I-Entity
which	WDT	which	I-Entity
quite	RB	quite	I-Entity
hid	VBD	hide	I-Entity
her	PRP	she	I-Entity
from	IN	from	I-Entity
view	NN	view	I-Entity
.	.	.	O

'	''	'	O
Keep	VB	keep	O
as	RB	as	O
still	RB	still	O
as	IN	as	O
a	DT	a	B-Entity
mouse	NN	mouse	I-Entity
,	,	,	O
'	''	'	O
she	PRP	she	O
said	VBD	say	O
;	:	;	O
'do	NN	'do	O
not	RB	not	O
move	VB	move	O
or	CC	or	O
speak	VB	speak	O
,	,	,	O
or	CC	or	O
it	PRP	it	O
will	MD	will	O
be	VB	be	O
all	DT	all	O
over	RP	over	O
with	IN	with	O
you	PRP	you	O
.	.	.	O

Tonight	NNP	Tonight	O
,	,	,	O
when	WRB	when	O
the	DT	the	B-Entity
robbers	NNS	robber	I-Entity
are	VBP	be	O
all	RB	all	O
asleep	RB	asleep	O
,	,	,	O
we	PRP	we	O
will	MD	will	O
flee	VB	flee	O
together	RB	together	O
.	.	.	O

I	PRP	I	O
have	VBP	have	O
long	RB	long	O
been	VBN	be	O
waiting	VBG	wait	O
for	IN	for	O
an	DT	a	B-Entity
opportunity	NN	opportunity	I-Entity
to	TO	to	I-Entity
escape	VB	escape	I-Entity
.	.	.	O
'	''	'	O

The	DT	the	B-Entity
words	NNS	word	I-Entity
were	VBD	be	O
hardly	RB	hardly	O
out	IN	out	O
of	IN	of	O
her	PRP$	she	B-Entity
mouth	NN	mouth	I-Entity
when	WRB	when	O
the	DT	the	B-Entity
godless	JJ	godless	I-Entity
crew	NN	crew	I-Entity
returned	VBD	return	O
,	,	,	O
dragging	VBG	drag	O
another	DT	another	B-Entity
young	JJ	young	I-Entity
girl	NN	girl	I-Entity
along	IN	along	O
with	IN	with	O
them	PRP	they	O
.	.	.	O

They	PRP	they	O
were	VBD	be	O
all	DT	all	O
drunk	JJ	drunk	O
,	,	,	O
and	CC	and	O
paid	VBD	pay	O
no	DT	no	B-Entity
heed	VB	heed	I-Entity
to	TO	to	O
her	PRP	she	B-Entity
cries	VBZ	cry	I-Entity
and	CC	and	I-Entity
lamentations	NNS	lamentation	I-Entity
.	.	.	O

They	PRP	they	O
gave	VBD	give	O
her	PRP$	she	B-Entity
wine	NN	wine	B-Entity
to	TO	to	O
drink	VB	drink	O
,	,	,	O
three	CD	three	B-Entity
glasses	NNS	glass	I-Entity
full	JJ	full	I-Entity
,	,	,	I-Entity
one	CD	one	I-Entity
of	IN	of	I-Entity
white	JJ	white	I-Entity
wine	NN	wine	I-Entity
,	,	,	I-Entity
one	CD	one	I-Entity
of	IN	of	I-Entity
red	NN	red	I-Entity
,	,	,	I-Entity
and	CC	and	I-Entity
one	CD	one	I-Entity
of	IN	of	I-Entity
yellow	NN	yellow	I-Entity
,	,	,	O
and	CC	and	O
with	IN	with	O
that	DT	that	O
her	PRP$	she	B-Entity
heart	NN	heart	I-Entity
gave	VBD	give	O
way	NN	way	O
and	CC	and	O
she	PRP	she	O
died	VBD	die	O
.	.	.	O

Then	RB	then	O
they	PRP	they	O
tore	VBD	tear	O
of	IN	of	O
her	PRP$	she	B-Entity
dainty	JJ	dainty	I-Entity
clothing	NN	clothing	I-Entity
,	,	,	O
laid	VBD	lay	O
her	PRP	she	O
on	IN	on	O
a	DT	a	B-Entity
table	NN	table	I-Entity
,	,	,	O
and	CC	and	O
cut	VBD	cut	O
her	PRP$	she	B-Entity
beautiful	JJ	beautiful	I-Entity
body	NN	body	I-Entity
into	IN	into	O
pieces	NNS	piece	B-Entity
,	,	,	O
and	CC	and	O
sprinkled	VBD	sprinkle	O
salt	NN	salt	B-Entity
upon	IN	upon	O
it	PRP	it	O
.	.	.	O

The	DT	the	B-Entity
poor	JJ	poor	I-Entity
betrothed	JJ	betrothed	I-Entity
girl	NN	girl	I-Entity
crouched	VBD	crouch	O
trembling	VBG	tremble	O
and	CC	and	O
shuddering	VBG	shudder	O
behind	IN	behind	O
the	DT	the	B-Entity
cask	NN	cask	I-Entity
,	,	,	O
for	IN	for	O
she	PRP	she	O
saw	VBD	see	O
what	WP	what	B-Entity
a	DT	a	I-Entity
terrible	JJ	terrible	I-Entity
fate	NN	fate	I-Entity
had	VBD	have	O
been	VBN	be	O
intended	VBN	intend	O
for	IN	for	O
her	PRP	she	O
by	IN	by	O
the	DT	the	B-Entity
robbers	NNS	robber	I-Entity
.	.	.	O

One	CD	one	B-Entity
of	IN	of	I-Entity
them	PRP	they	I-Entity
now	RB	now	O
noticed	VBD	notice	O
a	DT	a	B-Entity
gold	JJ	gold	I-Entity
ring	NN	ring	I-Entity
still	RB	still	I-Entity
remaining	VBG	remain	I-Entity
on	IN	on	I-Entity
the	DT	the	I-Entity
little	JJ	little	I-Entity
finger	NN	finger	I-Entity
of	IN	of	I-Entity
the	DT	the	I-Entity
murdered	VBN	murder	I-Entity
girl	NN	girl	I-Entity
,	,	,	O
and	CC	and	O
as	IN	as	O
he	PRP	he	O
could	MD	could	O
not	RB	not	O
draw	VB	draw	O
it	PRP	it	O
off	RP	off	O
easily	RB	easily	O
,	,	,	O
he	PRP	he	O
took	VBD	take	O
a	DT	a	B-Entity
hatchet	NN	hatchet	I-Entity
and	CC	and	O
cut	VB	cut	O
off	RP	off	O
the	DT	the	B-Entity
finger	NN	finger	I-Entity
;	:	;	O
but	CC	but	O
the	DT	the	B-Entity
finger	NN	finger	I-Entity
sprang	VBD	spring	O
into	IN	into	O
the	DT	the	B-Entity
air	NN	air	I-Entity
,	,	,	O
and	CC	and	O
fell	VBD	fall	O
behind	IN	behind	O
the	DT	the	B-Entity
cask	NN	cask	I-Entity
into	IN	into	O
the	DT	the	B-Entity
lap	NN	lap	I-Entity
of	IN	of	I-Entity
the	DT	the	I-Entity
girl	NN	girl	I-Entity
who	WP	who	I-Entity
was	VBD	be	I-Entity
hiding	VBG	hide	I-Entity
there	RB	there	I-Entity
.	.	.	O

The	DT	the	B-Entity
robber	NN	robber	I-Entity
took	VBD	take	O
a	DT	a	B-Entity
light	NN	light	I-Entity
and	CC	and	O
began	VBD	begin	O
looking	VBG	look	O
for	IN	for	O
it	PRP	it	O
,	,	,	O
but	CC	but	O
he	PRP	he	O
could	MD	could	O
not	RB	not	O
find	VB	find	O
it	PRP	it	O
.	.	.	O

'	''	'	O
Have	NNP	Have	O
you	PRP	you	O
looked	VBD	look	O
behind	IN	behind	O
the	DT	the	B-Entity
large	JJ	large	I-Entity
cask	NN	cask	I-Entity
?	.	?	O
'	''	'	O
said	VBD	say	O
one	CD	one	B-Entity
of	IN	of	I-Entity
the	DT	the	I-Entity
others	NNS	other	I-Entity
.	.	.	O

But	CC	but	O
the	DT	the	B-Entity
old	JJ	old	I-Entity
woman	NN	woman	I-Entity
called	VBN	call	O
out	RP	out	O
,	,	,	O
'	''	'	O
Come	VB	come	O
and	CC	and	O
eat	VB	eat	O
your	PRP$	you	B-Entity
suppers	NNS	supper	I-Entity
,	,	,	O
and	CC	and	O
let	VB	let	O
the	DT	the	B-Entity
thing	NN	thing	I-Entity
be	VB	be	O
till	IN	till	O
tomorrow	NN	tomorrow	B-Entity
;	:	;	O
the	DT	the	B-Entity
finger	NN	finger	I-Entity
wo	MD	will	O
n't	RB	not	O
run	VB	run	O
away	RB	away	O
.	.	.	O
'	''	'	O

'	''	'	O
The	DT	the	B-Entity
old	JJ	old	I-Entity
woman	NN	woman	I-Entity
is	VBZ	be	O
right	JJ	right	O
,	,	,	O
'	''	'	O
said	VBD	say	O
the	DT	the	B-Entity
robbers	NNS	robber	I-Entity
,	,	,	O
and	CC	and	O
they	PRP	they	O
ceased	VBD	cease	O
looking	VBG	look	O
for	IN	for	O
the	DT	the	B-Entity
finger	NN	finger	I-Entity
and	CC	and	O
sat	VBD	sit	O
down	RB	down	O
.	.	.	O

The	DT	the	B-Entity
old	JJ	old	I-Entity
woman	NN	woman	I-Entity
then	RB	then	O
mixed	VBD	mix	O
a	DT	a	B-Entity
sleeping	VBG	sleep	I-Entity
draught	NN	draught	I-Entity
with	IN	with	O
their	PRP$	they	B-Entity
wine	NN	wine	I-Entity
,	,	,	O
and	CC	and	O
before	IN	before	O
long	RB	long	O
they	PRP	they	O
were	VBD	be	O
all	DT	all	O
lying	VBG	lie	O
on	IN	on	O
the	DT	the	B-Entity
floor	NN	floor	I-Entity
of	IN	of	I-Entity
the	DT	the	I-Entity
cellar	NN	cellar	I-Entity
,	,	,	O
fast	RB	fast	O
asleep	RB	asleep	O
and	CC	and	O
snoring	VBG	snore	O
.	.	.	O

As	RB	as	O
soon	RB	soon	O
as	IN	as	O
the	DT	the	B-Entity
girl	NN	girl	I-Entity
was	VBD	be	O
assured	VBN	assure	O
of	IN	of	O
this	DT	this	B-Entity
,	,	,	O
she	PRP	she	O
came	VBD	come	O
from	IN	from	O
behind	IN	behind	O
the	DT	the	B-Entity
cask	NN	cask	I-Entity
.	.	.	O

She	PRP	she	O
was	VBD	be	O
obliged	VBN	oblige	O
to	TO	to	O
step	VB	step	O
over	IN	over	O
the	DT	the	B-Entity
bodies	NNS	body	I-Entity
of	IN	of	I-Entity
the	DT	the	I-Entity
sleepers	NNS	sleeper	I-Entity
,	,	,	I-Entity
who	WP	who	I-Entity
were	VBD	be	I-Entity
lying	VBG	lie	I-Entity
close	RB	close	I-Entity
together	RB	together	I-Entity
,	,	,	O
and	CC	and	O
every	DT	every	B-Entity
moment	NN	moment	I-Entity
she	PRP	she	O
was	VBD	be	O
filled	VBN	fill	O
with	IN	with	O
renewed	VBN	renew	B-Entity
dread	NN	dread	I-Entity
lest	IN	lest	O
she	PRP	she	O
should	MD	should	O
awaken	VB	awaken	O
them	PRP	they	O
.	.	.	O

But	CC	but	O
God	NNP	God	B-Entity
helped	VBD	help	O
her	PRP	she	O
,	,	,	O
so	IN	so	O
that	IN	that	O
she	PRP	she	O
passed	VBD	pass	O
safely	RB	safely	O
over	IN	over	O
them	PRP	they	O
,	,	,	O
and	CC	and	O
then	RB	then	O
she	PRP	she	B-Entity
and	CC	and	I-Entity
the	DT	the	I-Entity
old	JJ	old	I-Entity
woman	NN	woman	I-Entity
went	VBD	go	O
upstairs	RB	upstairs	B-Entity
,	,	,	O
opened	VBD	open	O
the	DT	the	B-Entity
door	NN	door	I-Entity
,	,	,	O
and	CC	and	O
hastened	VBD	hasten	O
as	RB	as	O
fast	RB	fast	O
as	IN	as	O
they	PRP	they	O
could	MD	could	O
from	IN	from	O
the	DT	the	B-Entity
murderers	NNS	murderer	I-Entity
'	POS	'	I-Entity
den	NN	den	I-Entity
.	.	.	O

They	PRP	they	O
found	VBD	find	O
the	DT	the	B-Entity
ashes	NNS	ash	I-Entity
scattered	VBN	scatter	O
by	IN	by	O
the	DT	the	B-Entity
wind	NN	wind	I-Entity
,	,	,	O
but	CC	but	O
the	DT	the	B-Entity
peas	NNS	pea	I-Entity
and	CC	and	I-Entity
lentils	NNS	lentil	I-Entity
had	VBD	have	O
sprouted	VBN	sprout	O
,	,	,	O
and	CC	and	O
grown	VBN	grow	O
sufficiently	RB	sufficiently	O
above	IN	above	O
the	DT	the	B-Entity
ground	NN	ground	I-Entity
,	,	,	O
to	TO	to	O
guide	VB	guide	O
them	PRP	they	O
in	IN	in	O
the	DT	the	B-Entity
moonlight	NN	moonlight	I-Entity
along	IN	along	O
the	DT	the	B-Entity
path	NN	path	I-Entity
.	.	.	O

All	DT	all	B-Entity
night	NN	night	I-Entity
long	RB	long	O
they	PRP	they	O
walked	VBD	walk	O
,	,	,	O
and	CC	and	O
it	PRP	it	O
was	VBD	be	O
morning	NN	morning	B-Entity
before	IN	before	O
they	PRP	they	O
reached	VBD	reach	O
the	DT	the	B-Entity
mill	NN	mill	I-Entity
.	.	.	O

Then	RB	then	O
the	DT	the	B-Entity
girl	NN	girl	I-Entity
told	VBD	tell	O
her	PRP$	she	B-Entity
father	NN	father	I-Entity
all	DT	all	B-Entity
that	WDT	that	I-Entity
had	VBD	have	I-Entity
happened	VBN	happen	I-Entity
.	.	.	O

The	DT	the	B-Entity
day	NN	day	I-Entity
came	VBD	come	O
that	WDT	that	O
had	VBD	have	O
been	VBN	be	O
fixed	VBN	fix	O
for	IN	for	O
the	DT	the	B-Entity
marriage	NN	marriage	I-Entity
.	.	.	O

The	DT	the	B-Entity
bridegroom	NN	bridegroom	I-Entity
arrived	VBD	arrive	O
and	CC	and	O
also	RB	also	O
a	DT	a	B-Entity
large	JJ	large	I-Entity
company	NN	company	I-Entity
of	IN	of	I-Entity
guests	NNS	guest	I-Entity
,	,	,	O
for	IN	for	O
the	DT	the	B-Entity
miller	NN	miller	I-Entity
had	VBD	have	O
taken	VBN	take	O
care	NN	care	B-Entity
to	TO	to	O
invite	VB	invite	O
all	PDT	all	B-Entity
his	PRP$	he	I-Entity
friends	NNS	friend	I-Entity
and	CC	and	I-Entity
relations	NNS	relation	I-Entity
.	.	.	O

As	IN	as	O
they	PRP	they	O
sat	VBD	sit	O
at	IN	at	O
the	DT	the	B-Entity
feast	NN	feast	I-Entity
,	,	,	O
each	DT	each	B-Entity
guest	NN	guest	I-Entity
in	IN	in	O
turn	NN	turn	O
was	VBD	be	O
asked	VBN	ask	O
to	TO	to	O
tell	VB	tell	O
a	DT	a	B-Entity
tale	NN	tale	I-Entity
;	:	;	O
the	DT	the	B-Entity
bride	NN	bride	I-Entity
sat	VBD	sit	O
still	RB	still	O
and	CC	and	O
did	VBD	do	O
not	RB	not	O
say	VB	say	O
a	DT	a	B-Entity
word	NN	word	I-Entity
.	.	.	O

'	''	'	O
And	CC	and	O
you	PRP	you	O
,	,	,	O
my	PRP$	my	B-Entity
love	NN	love	I-Entity
,	,	,	O
'	''	'	O
said	VBD	say	O
the	DT	the	B-Entity
bridegroom	NN	bridegroom	I-Entity
,	,	,	O
turning	VBG	turn	O
to	TO	to	O
her	PRP	she	O
,	,	,	O
'is	FW	'is	O
there	EX	there	O
no	DT	no	B-Entity
tale	NN	tale	I-Entity
you	PRP	you	I-Entity
know	VBP	know	I-Entity
?	.	?	O

Tell	VB	tell	O
us	PRP	we	O
something	NN	something	B-Entity
.	.	.	O
'	''	'	O

'	''	'	O
I	PRP	I	O
will	MD	will	O
tell	VB	tell	O
you	PRP	you	O
a	DT	a	B-Entity
dream	NN	dream	I-Entity
,	,	,	O
then	RB	then	O
,	,	,	O
'	''	'	O
said	VBD	say	O
the	DT	the	B-Entity
bride	NN	bride	I-Entity
.	.	.	O

'	''	'	O
I	PRP	I	O
went	VBD	go	O
alone	RB	alone	O
through	IN	through	O
a	DT	a	B-Entity
forest	NN	forest	I-Entity
and	CC	and	O
came	VBD	come	O
at	IN	at	O
last	JJ	last	O
to	TO	to	O
a	DT	a	B-Entity
house	NN	house	I-Entity
;	:	;	O
not	RB	not	B-Entity
a	DT	a	I-Entity
soul	NN	soul	I-Entity
could	MD	could	O
I	PRP	I	O
find	VB	find	O
within	IN	within	O
,	,	,	O
but	CC	but	O
a	DT	a	B-Entity
bird	NN	bird	I-Entity
that	WDT	that	I-Entity
was	VBD	be	I-Entity
hanging	VBG	hang	I-Entity
in	IN	in	I-Entity
a	DT	a	I-Entity
cage	NN	cage	I-Entity
on	IN	on	I-Entity
the	DT	the	I-Entity
wall	NN	wall	I-Entity
cried	VBD	cry	O
:	:	:	O

'	POS	'	O
Turn	NN	turn	O
back	RB	back	O
,	,	,	O
turn	VB	turn	O
back	RB	back	O
,	,	,	O
young	JJ	young	B-Entity
maiden	JJ	maiden	I-Entity
fair	NN	fair	I-Entity
,	,	,	O
Linger	VB	linger	O
not	RB	not	O
in	IN	in	O
this	DT	this	B-Entity
murderers	NNS	murderer	I-Entity
'	POS	'	I-Entity
lair	NN	lair	I-Entity
.	.	.	O
'	''	'	O

and	CC	and	O
again	RB	again	O
a	DT	a	B-Entity
second	JJ	second	I-Entity
time	NN	time	I-Entity
it	PRP	it	O
said	VBD	say	O
these	DT	these	B-Entity
words	NNS	word	I-Entity
.	.	.	O
'	''	'	O

'	''	'	O
My	PRP$	my	B-Entity
darling	NN	darling	I-Entity
,	,	,	O
this	DT	this	B-Entity
is	VBZ	be	O
only	RB	only	O
a	DT	a	B-Entity
dream	NN	dream	I-Entity
.	.	.	O
'	''	'	O

'	''	'	O
I	PRP	I	O
went	VBD	go	O
on	IN	on	O
through	IN	through	O
the	DT	the	B-Entity
house	NN	house	I-Entity
from	IN	from	O
room	NN	room	B-Entity
to	TO	to	O
room	NN	room	B-Entity
,	,	,	O
but	CC	but	O
they	PRP	they	O
were	VBD	be	O
all	DT	all	O
empty	JJ	empty	O
,	,	,	O
and	CC	and	O
everything	NN	everything	B-Entity
was	VBD	be	O
so	RB	so	O
grim	JJ	grim	O
and	CC	and	O
mysterious	JJ	mysterious	O
.	.	.	O

At	IN	at	O
last	JJ	last	O
I	PRP	I	O
went	VBD	go	O
down	RB	down	O
to	TO	to	O
the	DT	the	B-Entity
cellar	NN	cellar	I-Entity
,	,	,	O
and	CC	and	O
there	EX	there	B-Entity
sat	VBD	sit	O
a	DT	a	B-Entity
very	RB	very	I-Entity
,	,	,	I-Entity
very	RB	very	I-Entity
old	JJ	old	I-Entity
woman	NN	woman	I-Entity
,	,	,	I-Entity
who	WP	who	I-Entity
could	MD	could	I-Entity
not	RB	not	I-Entity
keep	VB	keep	I-Entity
her	PRP$	she	I-Entity
head	NN	head	I-Entity
still	RB	still	I-Entity
.	.	.	O

I	PRP	I	O
asked	VBD	ask	O
her	PRP	she	O
if	IN	if	O
my	PRP$	my	B-Entity
betrothed	NN	betrothed	I-Entity
lived	VBD	live	O
here	RB	here	O
,	,	,	O
and	CC	and	O
she	PRP	she	O
answered	VBD	answer	O
,	,	,	O
"	``	``	O
Ah	UH	ah	O
,	,	,	O
you	PRP	you	B-Entity
poor	JJ	poor	I-Entity
child	NN	child	I-Entity
,	,	,	O
you	PRP	you	O
are	VBP	be	O
come	VBN	come	O
to	TO	to	O
a	DT	a	B-Entity
murderers	NNS	murderer	I-Entity
'	POS	'	I-Entity
den	NN	den	I-Entity
;	:	;	O
your	PRP$	you	B-Entity
betrothed	NN	betrothed	I-Entity
does	VBZ	do	O
indeed	RB	indeed	O
live	VB	live	O
here	RB	here	O
,	,	,	O
but	CC	but	O
he	PRP	he	O
will	MD	will	O
kill	VB	kill	O
you	PRP	you	O
without	IN	without	O
mercy	NN	mercy	B-Entity
and	CC	and	O
afterwards	RB	afterwards	O
cook	VB	cook	O
and	CC	and	O
eat	VB	eat	O
you	PRP	you	O
.	.	.	O
"	''	''	O
'	''	'	O

'	''	'	O
My	PRP$	my	B-Entity
darling	NN	darling	I-Entity
,	,	,	O
this	DT	this	B-Entity
is	VBZ	be	O
only	RB	only	O
a	DT	a	B-Entity
dream	NN	dream	I-Entity
.	.	.	O
'	''	'	O

'	''	'	O
The	DT	the	B-Entity
old	JJ	old	I-Entity
woman	NN	woman	I-Entity
hid	VBD	hide	O
me	PRP	I	O
behind	IN	behind	O
a	DT	a	B-Entity
large	JJ	large	I-Entity
cask	NN	cask	I-Entity
,	,	,	O
and	CC	and	O
scarcely	RB	scarcely	O
had	VBD	have	O
she	PRP	she	O
done	VBN	do	O
this	DT	this	B-Entity
when	WRB	when	O
the	DT	the	B-Entity
robbers	NNS	robber	I-Entity
returned	VBD	return	O
home	NN	home	B-Entity
,	,	,	O
dragging	VBG	drag	O
a	DT	a	B-Entity
young	JJ	young	I-Entity
girl	NN	girl	I-Entity
along	IN	along	O
with	IN	with	O
them	PRP	they	O
.	.	.	O

They	PRP	they	O
gave	VBD	give	O
her	PRP	she	O
three	CD	three	B-Entity
kinds	NNS	kind	I-Entity
of	IN	of	I-Entity
wine	NN	wine	I-Entity
to	TO	to	I-Entity
drink	VB	drink	I-Entity
,	,	,	I-Entity
white	JJ	white	I-Entity
,	,	,	I-Entity
red	JJ	red	I-Entity
,	,	,	I-Entity
and	CC	and	I-Entity
yellow	NN	yellow	I-Entity
,	,	,	O
and	CC	and	O
with	IN	with	O
that	IN	that	B-Entity
she	PRP	she	O
died	VBD	die	O
.	.	.	O
'	''	'	O

'	''	'	O
My	PRP$	my	B-Entity
darling	NN	darling	I-Entity
,	,	,	O
this	DT	this	B-Entity
is	VBZ	be	O
only	RB	only	O
a	DT	a	B-Entity
dream	NN	dream	I-Entity
.	.	.	O
'	''	'	O

'	''	'	O
Then	RB	then	O
they	PRP	they	O
tore	VBD	tear	O
off	RP	off	O
her	PRP$	she	B-Entity
dainty	JJ	dainty	I-Entity
clothing	NN	clothing	I-Entity
,	,	,	O
and	CC	and	O
cut	VBD	cut	O
her	PRP$	she	B-Entity
beautiful	JJ	beautiful	I-Entity
body	NN	body	I-Entity
into	IN	into	O
pieces	NNS	piece	B-Entity
and	CC	and	O
sprinkled	VBD	sprinkle	O
salt	NN	salt	B-Entity
upon	IN	upon	O
it	PRP	it	O
.	.	.	O
'	''	'	O

'	''	'	O
My	PRP$	my	B-Entity
darling	NN	darling	I-Entity
,	,	,	O
this	DT	this	B-Entity
is	VBZ	be	O
only	RB	only	O
a	DT	a	B-Entity
dream	NN	dream	I-Entity
.	.	.	O
'	''	'	O

'	''	'	O
And	CC	and	O
one	CD	one	B-Entity
of	IN	of	I-Entity
the	DT	the	I-Entity
robbers	NNS	robber	I-Entity
saw	VBD	see	O
that	IN	that	O
there	EX	there	B-Entity
was	VBD	be	O
a	DT	a	B-Entity
gold	JJ	gold	I-Entity
ring	NN	ring	I-Entity
still	RB	still	I-Entity
left	VBD	leave	I-Entity
on	IN	on	I-Entity
her	PRP$	she	I-Entity
finger	NN	finger	I-Entity
,	,	,	O
and	CC	and	O
as	IN	as	O
it	PRP	it	O
was	VBD	be	O
difficult	JJ	difficult	O
to	TO	to	O
draw	VB	draw	O
off	RP	off	O
,	,	,	O
he	PRP	he	O
took	VBD	take	O
a	DT	a	B-Entity
hatchet	NN	hatchet	I-Entity
and	CC	and	O
cut	VB	cut	O
off	RP	off	O
her	PRP$	she	B-Entity
finger	NN	finger	I-Entity
;	:	;	O
but	CC	but	O
the	DT	the	B-Entity
finger	NN	finger	I-Entity
sprang	VBD	spring	O
into	IN	into	O
the	DT	the	B-Entity
air	NN	air	I-Entity
and	CC	and	O
fell	VBD	fall	O
behind	IN	behind	O
the	DT	the	B-Entity
great	JJ	great	I-Entity
cask	NN	cask	I-Entity
into	IN	into	O
my	PRP$	my	B-Entity
lap	NN	lap	I-Entity
.	.	.	O

And	CC	and	O
here	RB	here	B-Entity
is	VBZ	be	O
the	DT	the	B-Entity
finger	NN	finger	I-Entity
with	IN	with	I-Entity
the	DT	the	I-Entity
ring	NN	ring	I-Entity
.	.	.	O
'	''	'	O
and	CC	and	O
with	IN	with	O
these	DT	these	B-Entity
words	NNS	word	I-Entity
the	DT	the	B-Entity
bride	NN	bride	I-Entity
drew	VBD	draw	O
forth	RB	forth	O
the	DT	the	B-Entity
finger	NN	finger	I-Entity
and	CC	and	O
shewed	VBD	shew	O
it	PRP	it	O
to	TO	to	O
the	DT	the	B-Entity
assembled	VBN	assemble	I-Entity
guests	NNS	guest	I-Entity
.	.	.	O

The	DT	the	B-Entity
bridegroom	NN	bridegroom	I-Entity
,	,	,	I-Entity
who	WP	who	I-Entity
during	IN	during	I-Entity
this	DT	this	I-Entity
recital	NN	recital	I-Entity
had	VBD	have	I-Entity
grown	VBN	grow	I-Entity
deadly	JJ	deadly	I-Entity
pale	NN	pale	I-Entity
,	,	,	O
up	RB	up	O
and	CC	and	O
tried	VBD	try	O
to	TO	to	O
escape	VB	escape	O
,	,	,	O
but	CC	but	O
the	DT	the	B-Entity
guests	NNS	guest	I-Entity
seized	VBD	seize	O
him	PRP	he	O
and	CC	and	O
held	VBD	hold	O
him	PRP	he	O
fast	RB	fast	O
.	.	.	O

They	PRP	they	O
delivered	VBD	deliver	O
him	PRP	he	O
up	RP	up	O
to	TO	to	O
justice	NN	justice	B-Entity
,	,	,	O
and	CC	and	O
he	PRP	he	B-Entity
and	CC	and	I-Entity
all	PDT	all	I-Entity
his	PRP$	he	I-Entity
murderous	JJ	murderous	I-Entity
band	NN	band	I-Entity
were	VBD	be	O
condemned	VBN	condemn	O
to	TO	to	O
death	NN	death	B-Entity
for	IN	for	O
their	PRP$	they	B-Entity
wicked	JJ	wicked	I-Entity
deeds	NNS	deed	I-Entity
.	.	.	O

There	EX	there	B-Entity
was	VBD	be	O
once	RB	once	O
upon	IN	upon	O
a	DT	a	B-Entity
time	NN	time	I-Entity
a	DT	a	B-Entity
soldier	NN	soldier	I-Entity
who	WP	who	I-Entity
for	IN	for	I-Entity
many	JJ	many	I-Entity
years	NNS	year	I-Entity
had	VBD	have	I-Entity
served	VBN	serve	I-Entity
the	DT	the	I-Entity
king	NN	king	I-Entity
faithfully	RB	faithfully	I-Entity
,	,	,	O
but	CC	but	O
when	WRB	when	O
the	DT	the	B-Entity
war	NN	war	I-Entity
came	VBD	come	O
to	TO	to	O
an	DT	a	B-Entity
end	NN	end	I-Entity
could	MD	could	O
serve	VB	serve	O
no	RB	no	O
longer	RBR	longer	O
because	IN	because	O
of	IN	of	O
the	DT	the	B-Entity
many	JJ	many	I-Entity
wounds	NNS	wound	I-Entity
which	WDT	which	I-Entity
he	PRP	he	I-Entity
had	VBD	have	I-Entity
received	VBN	receive	I-Entity
.	.	.	O


The	DT	the	B-Entity
king	NN	king	I-Entity
said	VBD	say	O
to	TO	to	O
him	PRP	he	O
:	:	:	O
'	''	'	O
You	PRP	you	O
may	MD	may	O
return	VB	return	O
to	TO	to	O
your	PRP$	you	B-Entity
home	NN	home	I-Entity
,	,	,	O
I	PRP	I	O
need	VBP	need	O
you	PRP	you	O
no	RB	no	O
longer	RBR	longer	O
,	,	,	O
and	CC	and	O
you	PRP	you	O
will	MD	will	O
not	RB	not	O
receive	VB	receive	O
any	DT	any	B-Entity
more	JJR	more	I-Entity
money	NN	money	I-Entity
,	,	,	O
for	IN	for	O
he	PRP	he	O
only	RB	only	O
receives	VBZ	receive	O
wages	NNS	wages	B-Entity
who	WP	who	O
renders	VBZ	render	O
me	PRP	I	O
service	NN	service	B-Entity
for	IN	for	O
them	PRP	they	O
.	.	.	O
'	''	'	O
Then	RB	then	O
the	DT	the	B-Entity
soldier	NN	soldier	I-Entity
did	VBD	do	O
not	RB	not	O
know	VB	know	O
how	WRB	how	O
to	TO	to	O
earn	VB	earn	O
a	DT	a	B-Entity
living	NN	living	I-Entity
,	,	,	O
went	VBD	go	O
away	RB	away	O
greatly	RB	greatly	O
troubled	JJ	troubled	O
,	,	,	O
and	CC	and	O
walked	VBD	walk	O
the	DT	the	B-Entity
whole	JJ	whole	I-Entity
day	NN	day	I-Entity
,	,	,	O
until	IN	until	O
in	IN	in	O
the	DT	the	B-Entity
evening	NN	evening	I-Entity
he	PRP	he	O
entered	VBD	enter	O
a	DT	a	B-Entity
forest	NN	forest	I-Entity
.	.	.	O

When	WRB	when	O
darkness	NN	darkness	B-Entity
came	VBD	come	O
on	IN	on	O
,	,	,	O
he	PRP	he	O
saw	VBD	see	O
a	DT	a	B-Entity
light	NN	light	I-Entity
,	,	,	O
which	WDT	which	O
he	PRP	he	O
went	VBD	go	O
up	RB	up	O
to	TO	to	O
,	,	,	O
and	CC	and	O
came	VBD	come	O
to	TO	to	O
a	DT	a	B-Entity
house	NN	house	I-Entity
wherein	WRB	wherein	I-Entity
lived	VBD	live	I-Entity
a	DT	a	I-Entity
witch	NN	witch	I-Entity
.	.	.	O

'	POS	'	O
Do	NNP	Do	O
give	VB	give	O
me	PRP	I	O
one	CD	one	B-Entity
night	NN	night	I-Entity
's	POS	's	I-Entity
lodging	NN	lodging	I-Entity
,	,	,	I-Entity
and	CC	and	I-Entity
a	DT	a	I-Entity
little	JJ	little	I-Entity
to	TO	to	I-Entity
eat	VB	eat	I-Entity
and	CC	and	I-Entity
drink	VB	drink	I-Entity
,	,	,	I-Entity
'	''	'	O
said	VBD	say	O
he	PRP	he	O
to	TO	to	O
her	PRP	she	O
,	,	,	O
'or	NN	'or	O
I	PRP	I	O
shall	MD	shall	O
starve	VB	starve	O
.	.	.	O
'	''	'	O
'	POS	'	O
Oho!	NN	oho!	O
'	''	'	O
she	PRP	she	O
answered	VBD	answer	O
,	,	,	O
'	''	'	O
who	WP	who	B-Entity
gives	VBZ	give	O
anything	NN	anything	B-Entity
to	TO	to	O
a	DT	a	B-Entity
run-away	JJ	run-away	I-Entity
soldier	NN	soldier	I-Entity
?	.	?	O

Yet	RB	yet	O
will	MD	will	O
I	PRP	I	O
be	VB	be	O
compassionate	JJ	compassionate	O
,	,	,	O
and	CC	and	O
take	VB	take	O
you	PRP	you	O
in	IN	in	O
,	,	,	O
if	IN	if	O
you	PRP	you	O
will	MD	will	O
do	VB	do	O
what	WP	what	O
I	PRP	I	O
wish	VBP	wish	O
.	.	.	O
'	''	'	O
'	''	'	O
What	WP	what	O
do	VBP	do	O
you	PRP	you	O
wish	VB	wish	O
?	.	?	O
'	''	'	O
said	VBD	say	O
the	DT	the	B-Entity
soldier	NN	soldier	I-Entity
.	.	.	O

'	''	'	O
That	IN	that	O
you	PRP	you	O
should	MD	should	O
dig	VB	dig	O
all	DT	all	O
round	NN	round	O
my	PRP$	my	B-Entity
garden	NN	garden	I-Entity
for	IN	for	O
me	PRP	I	O
,	,	,	O
tomorrow	NN	tomorrow	B-Entity
.	.	.	O
'	''	'	O

The	DT	the	B-Entity
soldier	NN	soldier	I-Entity
consented	VBD	consent	O
,	,	,	O
and	CC	and	O
next	JJ	next	B-Entity
day	NN	day	I-Entity
laboured	VBD	labour	O
with	IN	with	O
all	DT	all	B-Entity
his	PRP$	he	I-Entity
strength	NN	strength	I-Entity
,	,	,	O
but	CC	but	O
could	MD	could	O
not	RB	not	O
finish	VB	finish	O
it	PRP	it	O
by	IN	by	O
the	DT	the	B-Entity
evening	NN	evening	I-Entity
.	.	.	O

'	''	'	O
I	PRP	I	O
see	VBP	see	O
well	RB	well	O
enough	RB	enough	O
,	,	,	O
'	''	'	O
said	VBD	say	O
the	DT	the	B-Entity
witch	NN	witch	I-Entity
,	,	,	O
'that	NN	'that	O
you	PRP	you	O
can	MD	can	O
do	VB	do	O
no	DT	no	O
more	JJR	more	O
today	NN	today	B-Entity
,	,	,	O
but	CC	but	O
I	PRP	I	O
will	MD	will	O
keep	VB	keep	O
you	PRP	you	O
yet	RB	yet	B-Entity
another	DT	another	I-Entity
night	NN	night	I-Entity
,	,	,	O
in	IN	in	O
payment	NN	payment	B-Entity
for	IN	for	O
which	WDT	which	O
you	PRP	you	O
must	MD	must	O
tomorrow	NN	tomorrow	O
chop	VB	chop	O
me	PRP	I	O
a	DT	a	B-Entity
load	NN	load	I-Entity
of	IN	of	I-Entity
wood	NN	wood	I-Entity
,	,	,	O
and	CC	and	O
chop	VB	chop	O
it	PRP	it	O
small	JJ	small	O
.	.	.	O
'	''	'	O
The	DT	the	B-Entity
soldier	NN	soldier	I-Entity
spent	VBD	spend	O
the	DT	the	B-Entity
whole	JJ	whole	I-Entity
day	NN	day	I-Entity
in	IN	in	O
doing	VBG	do	O
it	PRP	it	O
,	,	,	O
and	CC	and	O
in	IN	in	O
the	DT	the	B-Entity
evening	NN	evening	I-Entity
the	DT	the	B-Entity
witch	NN	witch	I-Entity
proposed	VBD	propose	O
that	IN	that	O
he	PRP	he	O
should	MD	should	O
stay	VB	stay	O
one	CD	one	B-Entity
night	NN	night	I-Entity
more	JJR	more	O
.	.	.	O

'	POS	'	O
Tomorrow	NN	tomorrow	B-Entity
,	,	,	O
you	PRP	you	O
shall	MD	shall	O
only	RB	only	O
do	VB	do	O
me	PRP	I	O
a	DT	a	B-Entity
very	RB	very	I-Entity
trifling	JJ	trifling	I-Entity
piece	NN	piece	I-Entity
of	IN	of	I-Entity
work	NN	work	I-Entity
.	.	.	O

Behind	IN	behind	O
my	PRP$	my	B-Entity
house	NN	house	I-Entity
,	,	,	O
there	EX	there	B-Entity
is	VBZ	be	O
an	DT	a	B-Entity
old	JJ	old	I-Entity
dry	JJ	dry	I-Entity
well	NN	well	I-Entity
,	,	,	I-Entity
into	IN	into	I-Entity
which	WDT	which	I-Entity
my	PRP$	my	I-Entity
light	NN	light	I-Entity
has	VBZ	have	I-Entity
fallen	VBN	fall	I-Entity
,	,	,	O
it	PRP	it	O
burns	VBZ	burn	O
blue	JJ	blue	O
,	,	,	O
and	CC	and	O
never	RB	never	O
goes	VBZ	go	O
out	RP	out	O
,	,	,	O
and	CC	and	O
you	PRP	you	O
shall	MD	shall	O
bring	VB	bring	O
it	PRP	it	O
up	RP	up	O
again	RB	again	O
.	.	.	O
'	''	'	O
Next	JJ	next	B-Entity
day	NN	day	I-Entity
the	DT	the	B-Entity
old	JJ	old	I-Entity
woman	NN	woman	I-Entity
took	VBD	take	O
him	PRP	he	O
to	TO	to	O
the	DT	the	B-Entity
well	NN	well	I-Entity
,	,	,	O
and	CC	and	O
let	VB	let	O
him	PRP	he	O
down	RP	down	O
in	IN	in	O
a	DT	a	B-Entity
basket	NN	basket	I-Entity
.	.	.	O

He	PRP	he	O
found	VBD	find	O
the	DT	the	B-Entity
blue	JJ	blue	I-Entity
light	NN	light	I-Entity
,	,	,	O
and	CC	and	O
made	VBD	make	O
her	PRP	she	O
a	DT	a	B-Entity
signal	NN	signal	I-Entity
to	TO	to	O
draw	VB	draw	O
him	PRP	he	O
up	RP	up	O
again	RB	again	O
.	.	.	O

She	PRP	she	O
did	VBD	do	O
draw	VB	draw	O
him	PRP	he	O
up	RP	up	O
,	,	,	O
but	CC	but	O
when	WRB	when	O
he	PRP	he	O
came	VBD	come	O
near	IN	near	O
the	DT	the	B-Entity
edge	NN	edge	I-Entity
,	,	,	O
she	PRP	she	O
stretched	VBD	stretch	O
down	RP	down	O
her	PRP$	she	B-Entity
hand	NN	hand	I-Entity
and	CC	and	O
wanted	VBD	want	O
to	TO	to	O
take	VB	take	O
the	DT	the	B-Entity
blue	JJ	blue	I-Entity
light	NN	light	I-Entity
away	RB	away	O
from	IN	from	O
him	PRP	he	O
.	.	.	O

'	''	'	O
No	NNP	No	O
,	,	,	O
'	''	'	O
said	VBD	say	O
he	PRP	he	O
,	,	,	O
perceiving	VBG	perceive	O
her	PRP$	she	B-Entity
evil	NN	evil	I-Entity
intention	NN	intention	I-Entity
,	,	,	O
'	''	'	O
I	PRP	I	O
will	MD	will	O
not	RB	not	O
give	VB	give	O
you	PRP	you	O
the	DT	the	B-Entity
light	NN	light	I-Entity
until	IN	until	O
I	PRP	I	O
am	VBP	be	O
standing	VBG	stand	O
with	IN	with	O
both	DT	both	B-Entity
feet	NNS	foot	I-Entity
upon	IN	upon	O
the	DT	the	B-Entity
ground	NN	ground	I-Entity
.	.	.	O
'	''	'	O

The	DT	the	B-Entity
witch	NN	witch	I-Entity
fell	VBD	fall	O
into	IN	into	O
a	DT	a	B-Entity
passion	NN	passion	I-Entity
,	,	,	O
let	VB	let	O
him	PRP	he	O
fall	VB	fall	O
again	RB	again	O
into	IN	into	O
the	DT	the	B-Entity
well	NN	well	I-Entity
,	,	,	O
and	CC	and	O
went	VBD	go	O
away	RB	away	O
.	.	.	O

The	DT	the	B-Entity
poor	JJ	poor	I-Entity
soldier	NN	soldier	I-Entity
fell	VBD	fall	O
without	IN	without	O
injury	NN	injury	B-Entity
on	IN	on	O
the	DT	the	B-Entity
moist	JJ	moist	I-Entity
ground	NN	ground	I-Entity
,	,	,	O
and	CC	and	O
the	DT	the	B-Entity
blue	JJ	blue	I-Entity
light	NN	light	I-Entity
went	VBD	go	O
on	IN	on	O
burning	NN	burning	B-Entity
,	,	,	O
but	CC	but	O
of	IN	of	O
what	WDT	what	O
use	NN	use	O
was	VBD	be	O
that	IN	that	B-Entity
to	TO	to	O
him	PRP	he	O
?	.	?	O

He	PRP	he	O
saw	VBD	see	O
very	RB	very	O
well	RB	well	O
that	IN	that	O
he	PRP	he	O
could	MD	could	O
not	RB	not	O
escape	VB	escape	O
death	NN	death	B-Entity
.	.	.	O

He	PRP	he	O
sat	VBD	sit	O
for	IN	for	O
a	DT	a	B-Entity
while	NN	while	I-Entity
very	RB	very	O
sorrowfully	RB	sorrowfully	O
,	,	,	O
then	RB	then	O
suddenly	RB	suddenly	O
he	PRP	he	O
felt	VBD	feel	O
in	IN	in	O
his	PRP$	he	B-Entity
pocket	NN	pocket	I-Entity
and	CC	and	O
found	VBD	find	O
his	PRP$	he	B-Entity
tobacco	NN	tobacco	I-Entity
pipe	NN	pipe	I-Entity
,	,	,	I-Entity
which	WDT	which	I-Entity
was	VBD	be	I-Entity
still	RB	still	I-Entity
half	RB	half	I-Entity
full	JJ	full	I-Entity
.	.	.	O

'	''	'	O
This	DT	this	B-Entity
shall	MD	shall	O
be	VB	be	O
my	PRP$	my	B-Entity
last	JJ	last	I-Entity
pleasure	NN	pleasure	I-Entity
,	,	,	O
'	''	'	O
thought	VBD	think	O
he	PRP	he	O
,	,	,	O
pulled	VBD	pull	O
it	PRP	it	O
out	RP	out	O
,	,	,	O
lit	VBD	light	O
it	PRP	it	O
at	IN	at	O
the	DT	the	B-Entity
blue	JJ	blue	I-Entity
light	NN	light	I-Entity
and	CC	and	O
began	VBD	begin	O
to	TO	to	O
smoke	VB	smoke	O
.	.	.	O

When	WRB	when	O
the	DT	the	B-Entity
smoke	NN	smoke	I-Entity
had	VBD	have	O
circled	VBN	circle	O
about	IN	about	O
the	DT	the	B-Entity
cavern	NN	cavern	I-Entity
,	,	,	O
suddenly	RB	suddenly	O
a	DT	a	B-Entity
little	JJ	little	I-Entity
black	JJ	black	I-Entity
dwarf	NN	dwarf	I-Entity
stood	VBD	stand	O
before	IN	before	O
him	PRP	he	O
,	,	,	O
and	CC	and	O
said	VBD	say	O
:	:	:	O
'	''	'	O
Lord	NNP	Lord	B-Entity
,	,	,	O
what	WP	what	O
are	VBP	be	O
your	PRP$	you	B-Entity
commands	NNS	command	I-Entity
?	.	?	O
'	''	'	O
'	''	'	O
What	WP	what	O
my	PRP$	my	B-Entity
commands	NNS	command	I-Entity
are	VBP	be	O
?	.	?	O
'	''	'	O
replied	VBD	reply	O
the	DT	the	B-Entity
soldier	NN	soldier	I-Entity
,	,	,	I-Entity
quite	RB	quite	I-Entity
astonished	JJ	astonished	I-Entity
.	.	.	O

'	''	'	O
I	PRP	I	O
must	MD	must	O
do	VB	do	O
everything	NN	everything	B-Entity
you	PRP	you	I-Entity
bid	VBP	bid	I-Entity
me	PRP	I	I-Entity
,	,	,	O
'	''	'	O
said	VBD	say	O
the	DT	the	B-Entity
little	JJ	little	I-Entity
man	NN	man	I-Entity
.	.	.	O

'	''	'	O
Good	NNP	Good	O
,	,	,	O
'	''	'	O
said	VBD	say	O
the	DT	the	B-Entity
soldier	NN	soldier	I-Entity
;	:	;	O
'then	NN	'then	O
in	IN	in	O
the	DT	the	B-Entity
first	JJ	first	I-Entity
place	NN	place	I-Entity
help	VB	help	O
me	PRP	I	O
out	IN	out	O
of	IN	of	O
this	DT	this	B-Entity
well	RB	well	I-Entity
.	.	.	O
'	''	'	O

The	DT	the	B-Entity
little	JJ	little	I-Entity
man	NN	man	I-Entity
took	VBD	take	O
him	PRP	he	O
by	IN	by	O
the	DT	the	B-Entity
hand	NN	hand	I-Entity
,	,	,	O
and	CC	and	O
led	VBD	lead	O
him	PRP	he	O
through	IN	through	O
an	DT	a	B-Entity
underground	JJ	underground	I-Entity
passage	NN	passage	I-Entity
,	,	,	O
but	CC	but	O
he	PRP	he	O
did	VBD	do	O
not	RB	not	O
forget	VB	forget	O
to	TO	to	O
take	VB	take	O
the	DT	the	B-Entity
blue	JJ	blue	I-Entity
light	NN	light	I-Entity
with	IN	with	O
him	PRP	he	O
.	.	.	O

On	IN	on	O
the	DT	the	B-Entity
way	NN	way	I-Entity
the	DT	the	B-Entity
dwarf	NN	dwarf	I-Entity
showed	VBD	show	O
him	PRP	he	O
the	DT	the	B-Entity
treasures	NNS	treasure	I-Entity
which	WDT	which	I-Entity
the	DT	the	I-Entity
witch	NN	witch	I-Entity
had	VBD	have	I-Entity
collected	VBN	collect	I-Entity
and	CC	and	I-Entity
hidden	VBN	hide	I-Entity
there	RB	there	I-Entity
,	,	,	O
and	CC	and	O
the	DT	the	B-Entity
soldier	NN	soldier	I-Entity
took	VBD	take	O
as	RB	as	B-Entity
much	JJ	much	I-Entity
gold	NN	gold	I-Entity
as	IN	as	I-Entity
he	PRP	he	I-Entity
could	MD	could	I-Entity
carry	VB	carry	I-Entity
.	.	.	O

When	WRB	when	O
he	PRP	he	O
was	VBD	be	O
above	IN	above	O
,	,	,	O
he	PRP	he	O
said	VBD	say	O
to	TO	to	O
the	DT	the	B-Entity
little	JJ	little	I-Entity
man	NN	man	I-Entity
:	:	:	O
'	''	'	O
Now	RB	now	O
go	VB	go	O
and	CC	and	O
bind	VB	bind	O
the	DT	the	B-Entity
old	JJ	old	I-Entity
witch	NN	witch	I-Entity
,	,	,	O
and	CC	and	O
carry	VB	carry	O
her	PRP	she	O
before	IN	before	O
the	DT	the	B-Entity
judge	NN	judge	I-Entity
.	.	.	O
'	''	'	O

In	IN	in	O
a	DT	a	B-Entity
short	JJ	short	I-Entity
time	NN	time	I-Entity
she	PRP	she	O
came	VBD	come	O
by	IN	by	O
like	IN	like	O
the	DT	the	B-Entity
wind	NN	wind	I-Entity
,	,	,	O
riding	VBG	ride	O
on	IN	on	O
a	DT	a	B-Entity
wild	JJ	wild	I-Entity
tom-cat	NN	tom-cat	I-Entity
and	CC	and	O
screaming	VBG	scream	O
frightfully	RB	frightfully	O
.	.	.	O

Nor	CC	nor	O
was	VBD	be	O
it	PRP	it	O
long	RB	long	O
before	IN	before	O
the	DT	the	B-Entity
little	JJ	little	I-Entity
man	NN	man	I-Entity
reappeared	VBD	reappear	O
.	.	.	O

'	''	'	O
It	PRP	it	O
is	VBZ	be	O
all	DT	all	O
done	VBN	do	O
,	,	,	O
'	''	'	O
said	VBD	say	O
he	PRP	he	O
,	,	,	O
'and	VBD	'and	O
the	DT	the	B-Entity
witch	NN	witch	I-Entity
is	VBZ	be	O
already	RB	already	O
hanging	VBG	hang	O
on	IN	on	O
the	DT	the	B-Entity
gallows	NNS	gallows	I-Entity
.	.	.	O

What	WDT	what	O
further	JJ	further	O
commands	NNS	command	O
has	VBZ	have	O
my	PRP$	my	B-Entity
lord	NN	lord	I-Entity
?	.	?	O
'	''	'	O
inquired	VBD	inquire	O
the	DT	the	B-Entity
dwarf	NN	dwarf	I-Entity
.	.	.	O

'	''	'	O
At	IN	at	O
this	DT	this	B-Entity
moment	NN	moment	I-Entity
,	,	,	O
none	NN	none	B-Entity
,	,	,	O
'	''	'	O
answered	VBD	answer	O
the	DT	the	B-Entity
soldier	NN	soldier	I-Entity
;	:	;	O
'	''	'	O
you	PRP	you	O
can	MD	can	O
return	VB	return	O
home	NN	home	B-Entity
,	,	,	O
only	RB	only	O
be	VB	be	O
at	IN	at	O
hand	NN	hand	O
immediately	RB	immediately	O
,	,	,	O
if	IN	if	O
I	PRP	I	O
summon	VBP	summon	O
you	PRP	you	O
.	.	.	O
'	''	'	O
'	POS	'	O
Nothing	NN	nothing	B-Entity
more	JJR	more	I-Entity
is	VBZ	be	O
needed	VBN	need	O
than	IN	than	O
that	IN	that	O
you	PRP	you	O
should	MD	should	O
light	VB	light	O
your	PRP$	you	B-Entity
pipe	NN	pipe	O
at	IN	at	O
the	DT	the	B-Entity
blue	JJ	blue	I-Entity
light	NN	light	I-Entity
,	,	,	O
and	CC	and	O
I	PRP	I	O
will	MD	will	O
appear	VB	appear	O
before	IN	before	O
you	PRP	you	O
at	IN	at	O
once	RB	once	O
.	.	.	O
'	''	'	O
Thereupon	NNP	Thereupon	O
he	PRP	he	O
vanished	VBD	vanish	O
from	IN	from	O
his	PRP$	he	B-Entity
sight	NN	sight	I-Entity
.	.	.	O

The	DT	the	B-Entity
soldier	NN	soldier	I-Entity
returned	VBD	return	O
to	TO	to	O
the	DT	the	B-Entity
town	NN	town	I-Entity
from	IN	from	I-Entity
which	WDT	which	I-Entity
he	PRP	he	I-Entity
come	VBD	come	I-Entity
.	.	.	O

He	PRP	he	O
went	VBD	go	O
to	TO	to	O
the	DT	the	B-Entity
best	JJS	best	I-Entity
inn	NN	inn	I-Entity
,	,	,	O
ordered	VBD	order	O
himself	PRP	himself	O
handsome	JJ	handsome	B-Entity
clothes	NNS	clothes	I-Entity
,	,	,	O
and	CC	and	O
then	RB	then	O
bade	VB	bid	O
the	DT	the	B-Entity
landlord	NN	landlord	I-Entity
furnish	VBP	furnish	O
him	PRP	he	O
a	DT	a	B-Entity
room	NN	room	I-Entity
as	RB	as	I-Entity
handsome	JJ	handsome	I-Entity
as	IN	as	I-Entity
possible	JJ	possible	I-Entity
.	.	.	O

When	WRB	when	O
it	PRP	it	O
was	VBD	be	O
ready	JJ	ready	O
and	CC	and	O
the	DT	the	B-Entity
soldier	NN	soldier	I-Entity
had	VBD	have	O
taken	VBN	take	O
possession	NN	possession	B-Entity
of	IN	of	I-Entity
it	PRP	it	I-Entity
,	,	,	O
he	PRP	he	O
summoned	VBD	summon	O
the	DT	the	B-Entity
little	JJ	little	I-Entity
black	JJ	black	I-Entity
manikin	NN	manikin	I-Entity
and	CC	and	O
said	VBD	say	O
:	:	:	O
'	''	'	O
I	PRP	I	O
have	VBP	have	O
served	VBN	serve	O
the	DT	the	B-Entity
king	NN	king	I-Entity
faithfully	RB	faithfully	O
,	,	,	O
but	CC	but	O
he	PRP	he	O
has	VBZ	have	O
dismissed	VBN	dismiss	O
me	PRP	I	O
,	,	,	O
and	CC	and	O
left	VBD	leave	O
me	PRP	I	O
to	TO	to	O
hunger	NN	hunger	B-Entity
,	,	,	O
and	CC	and	O
now	RB	now	O
I	PRP	I	O
want	VBP	want	O
to	TO	to	O
take	VB	take	O
my	PRP$	my	B-Entity
revenge	NN	revenge	I-Entity
.	.	.	O
'	''	'	O
'	''	'	O
What	WP	what	O
am	VBP	be	O
I	PRP	I	O
to	TO	to	O
do	VB	do	O
?	.	?	O
'	''	'	O
asked	VBD	ask	O
the	DT	the	B-Entity
little	JJ	little	I-Entity
man	NN	man	I-Entity
.	.	.	O

'	''	'	O
Late	RB	late	O
at	IN	at	O
night	NN	night	B-Entity
,	,	,	O
when	WRB	when	O
the	DT	the	B-Entity
king	NN	king	I-Entity
's	POS	's	I-Entity
daughter	NN	daughter	I-Entity
is	VBZ	be	O
in	IN	in	O
bed	NN	bed	B-Entity
,	,	,	O
bring	VB	bring	O
her	PRP	she	O
here	RB	here	O
in	IN	in	O
her	PRP$	she	B-Entity
sleep	NN	sleep	I-Entity
,	,	,	O
she	PRP	she	O
shall	MD	shall	O
do	VB	do	O
servant	NN	servant	B-Entity
's	POS	's	I-Entity
work	NN	work	I-Entity
for	IN	for	O
me	PRP	I	O
.	.	.	O
'	''	'	O
The	DT	the	B-Entity
manikin	NN	manikin	I-Entity
said	VBD	say	O
:	:	:	O
'	''	'	O
That	DT	that	B-Entity
is	VBZ	be	O
an	DT	a	B-Entity
easy	JJ	easy	I-Entity
thing	NN	thing	I-Entity
for	IN	for	I-Entity
me	PRP	I	I-Entity
to	TO	to	I-Entity
do	VB	do	I-Entity
,	,	,	I-Entity
but	CC	but	I-Entity
a	DT	a	I-Entity
very	RB	very	I-Entity
dangerous	JJ	dangerous	I-Entity
thing	NN	thing	I-Entity
for	IN	for	I-Entity
you	PRP	you	I-Entity
,	,	,	O
for	IN	for	O
if	IN	if	O
it	PRP	it	O
is	VBZ	be	O
discovered	VBN	discover	O
,	,	,	O
you	PRP	you	O
will	MD	will	O
fare	VB	fare	O
ill	RB	ill	O
.	.	.	O
'	''	'	O
When	WRB	when	O
twelve	CD	twelve	B-Entity
o'clock	RB	o'clock	O
had	VBD	have	O
struck	VBN	strike	O
,	,	,	O
the	DT	the	B-Entity
door	NN	door	I-Entity
sprang	VBD	spring	O
open	JJ	open	O
,	,	,	O
and	CC	and	O
the	DT	the	B-Entity
manikin	NN	manikin	I-Entity
carried	VBD	carry	O
in	IN	in	O
the	DT	the	B-Entity
princess	NN	princess	I-Entity
.	.	.	O

'	POS	'	O
Aha	NN	aha	O
!	.	!	O
are	VBP	be	O
you	PRP	you	O
there	EX	there	O
?	.	?	O
'	''	'	O
cried	VBD	cry	O
the	DT	the	B-Entity
soldier	NN	soldier	I-Entity
,	,	,	O
'get	NN	'get	O
to	TO	to	O
your	PRP$	you	B-Entity
work	NN	work	I-Entity
at	IN	at	O
once	RB	once	O
!	.	!	O

Fetch	VB	fetch	O
the	DT	the	B-Entity
broom	NN	broom	I-Entity
and	CC	and	O
sweep	NN	sweep	O
the	DT	the	B-Entity
chamber	NN	chamber	I-Entity
.	.	.	O
'	''	'	O

When	WRB	when	O
she	PRP	she	O
had	VBD	have	O
done	VBN	do	O
this	DT	this	B-Entity
,	,	,	O
he	PRP	he	O
ordered	VBD	order	O
her	PRP	she	O
to	TO	to	O
come	VB	come	O
to	TO	to	O
his	PRP$	he	B-Entity
chair	NN	chair	I-Entity
,	,	,	O
and	CC	and	O
then	RB	then	O
he	PRP	he	O
stretched	VBD	stretch	O
out	RP	out	O
his	PRP$	he	B-Entity
feet	NNS	foot	I-Entity
and	CC	and	O
said	VBD	say	O
:	:	:	O
'	''	'	O
Pull	VB	pull	O
off	RP	off	O
my	PRP$	my	B-Entity
boots	NNS	boot	I-Entity
,	,	,	O
'	''	'	O
and	CC	and	O
then	RB	then	O
he	PRP	he	O
threw	VBD	throw	O
them	PRP	they	O
in	IN	in	O
her	PRP$	she	B-Entity
face	NN	face	I-Entity
,	,	,	O
and	CC	and	O
made	VBD	make	O
her	PRP$	she	B-Entity
pick	NN	pick	O
them	PRP	they	O
up	RP	up	O
again	RB	again	O
,	,	,	O
and	CC	and	O
clean	VB	clean	O
and	CC	and	O
brighten	VB	brighten	O
them	PRP	they	O
.	.	.	O

She	PRP	she	O
,	,	,	O
however	RB	however	O
,	,	,	O
did	VBD	do	O
everything	NN	everything	B-Entity
he	PRP	he	I-Entity
bade	VBD	bid	I-Entity
her	PRP	she	I-Entity
,	,	,	O
without	IN	without	O
opposition	NN	opposition	B-Entity
,	,	,	O
silently	RB	silently	O
and	CC	and	O
with	IN	with	O
half	NN	half	O
-	:	-	O
shut	VBN	shut	O
eyes	NNS	eye	B-Entity
.	.	.	O

When	WRB	when	O
the	DT	the	B-Entity
first	JJ	first	I-Entity
cock	NN	cock	I-Entity
crowed	VBD	crow	O
,	,	,	O
the	DT	the	B-Entity
manikin	NN	manikin	I-Entity
carried	VBD	carry	O
her	PRP	she	O
back	RB	back	O
to	TO	to	O
the	DT	the	B-Entity
royal	JJ	royal	I-Entity
palace	NN	palace	I-Entity
,	,	,	O
and	CC	and	O
laid	VBD	lay	O
her	PRP	she	O
in	IN	in	O
her	PRP$	she	B-Entity
bed	NN	bed	I-Entity
.	.	.	O

Next	JJ	next	B-Entity
morning	NN	morning	I-Entity
when	WRB	when	O
the	DT	the	B-Entity
princess	NN	princess	I-Entity
arose	VBD	arise	O
she	PRP	she	O
went	VBD	go	O
to	TO	to	O
her	PRP$	she	B-Entity
father	NN	father	I-Entity
,	,	,	O
and	CC	and	O
told	VBD	tell	O
him	PRP	he	O
that	IN	that	O
she	PRP	she	O
had	VBD	have	O
had	VBN	have	O
a	DT	a	B-Entity
very	RB	very	I-Entity
strange	JJ	strange	I-Entity
dream	NN	dream	I-Entity
.	.	.	O

'	''	'	O
I	PRP	I	O
was	VBD	be	O
carried	VBN	carry	O
through	IN	through	O
the	DT	the	B-Entity
streets	NNS	street	I-Entity
with	IN	with	O
the	DT	the	B-Entity
rapidity	NN	rapidity	I-Entity
of	IN	of	I-Entity
lightning	NN	lightning	I-Entity
,	,	,	O
'	''	'	O
said	VBD	say	O
she	PRP	she	O
,	,	,	O
'and	NN	'and	O
taken	VBN	take	O
into	IN	into	O
a	DT	a	B-Entity
soldier	NN	soldier	I-Entity
's	POS	's	I-Entity
room	NN	room	I-Entity
,	,	,	O
and	CC	and	O
I	PRP	I	O
had	VBD	have	O
to	TO	to	O
wait	VB	wait	O
upon	IN	upon	O
him	PRP	he	O
like	IN	like	O
a	DT	a	B-Entity
servant	NN	servant	I-Entity
,	,	,	O
sweep	NN	sweep	O
his	PRP$	he	B-Entity
room	NN	room	I-Entity
,	,	,	O
clean	VB	clean	O
his	PRP$	he	B-Entity
boots	NNS	boot	I-Entity
,	,	,	O
and	CC	and	O
do	VB	do	O
all	DT	all	B-Entity
kinds	NNS	kind	I-Entity
of	IN	of	I-Entity
menial	JJ	menial	I-Entity
work	NN	work	I-Entity
.	.	.	O

It	PRP	it	O
was	VBD	be	O
only	RB	only	B-Entity
a	DT	a	I-Entity
dream	NN	dream	I-Entity
,	,	,	O
and	CC	and	O
yet	RB	yet	O
I	PRP	I	O
am	VBP	be	O
just	RB	just	O
as	RB	as	O
tired	JJ	tired	O
as	IN	as	O
if	IN	if	O
I	PRP	I	O
really	RB	really	O
had	VBD	have	O
done	VBN	do	O
everything	NN	everything	B-Entity
.	.	.	O
'	''	'	O
'	''	'	O
The	DT	the	B-Entity
dream	NN	dream	I-Entity
may	MD	may	O
have	VB	have	O
been	VBN	be	O
true	JJ	true	O
,	,	,	O
'	''	'	O
said	VBD	say	O
the	DT	the	B-Entity
king	NN	king	I-Entity
.	.	.	O

'	''	'	O
I	PRP	I	O
will	MD	will	O
give	VB	give	O
you	PRP	you	O
a	DT	a	B-Entity
piece	NN	piece	I-Entity
of	IN	of	I-Entity
advice	NN	advice	I-Entity
.	.	.	O

Fill	VB	fill	O
your	PRP$	you	B-Entity
pocket	NN	pocket	I-Entity
full	JJ	full	I-Entity
of	IN	of	I-Entity
peas	NNS	pea	I-Entity
,	,	,	O
and	CC	and	O
make	VB	make	O
a	DT	a	B-Entity
small	JJ	small	I-Entity
hole	NN	hole	I-Entity
in	IN	in	O
the	DT	the	B-Entity
pocket	NN	pocket	I-Entity
,	,	,	O
and	CC	and	O
then	RB	then	O
if	IN	if	O
you	PRP	you	O
are	VBP	be	O
carried	VBN	carry	O
away	RB	away	O
again	RB	again	O
,	,	,	O
they	PRP	they	O
will	MD	will	O
fall	VB	fall	O
out	RB	out	O
and	CC	and	O
leave	VB	leave	O
a	DT	a	B-Entity
track	NN	track	I-Entity
in	IN	in	I-Entity
the	DT	the	I-Entity
streets	NNS	street	I-Entity
.	.	.	O
'	''	'	O
But	CC	but	O
unseen	JJ	unseen	O
by	IN	by	O
the	DT	the	B-Entity
king	NN	king	I-Entity
,	,	,	O
the	DT	the	B-Entity
manikin	NN	manikin	I-Entity
was	VBD	be	O
standing	VBG	stand	O
beside	IN	beside	O
him	PRP	he	O
when	WRB	when	O
he	PRP	he	O
said	VBD	say	O
that	IN	that	B-Entity
,	,	,	O
and	CC	and	O
heard	VBD	hear	O
all	DT	all	B-Entity
.	.	.	O

At	IN	at	O
night	NN	night	B-Entity
when	WRB	when	O
the	DT	the	B-Entity
sleeping	VBG	sleep	I-Entity
princess	NN	princess	I-Entity
was	VBD	be	O
again	RB	again	O
carried	VBN	carry	O
through	IN	through	O
the	DT	the	B-Entity
streets	NNS	street	I-Entity
,	,	,	O
some	DT	some	B-Entity
peas	NNS	pea	I-Entity
certainly	RB	certainly	O
did	VBD	do	O
fall	VB	fall	O
out	IN	out	O
of	IN	of	O
her	PRP$	she	B-Entity
pocket	NN	pocket	I-Entity
,	,	,	O
but	CC	but	O
they	PRP	they	O
made	VBD	make	O
no	DT	no	B-Entity
track	NN	track	I-Entity
,	,	,	O
for	IN	for	O
the	DT	the	B-Entity
crafty	JJ	crafty	I-Entity
manikin	NN	manikin	I-Entity
had	VBD	have	O
just	RB	just	O
before	IN	before	O
scattered	JJ	scattered	O
peas	NNS	pea	B-Entity
in	IN	in	O
every	DT	every	B-Entity
street	NN	street	I-Entity
there	EX	there	I-Entity
was	VBD	be	I-Entity
.	.	.	O

And	CC	and	O
again	RB	again	O
the	DT	the	B-Entity
princess	NN	princess	I-Entity
was	VBD	be	O
compelled	VBN	compel	O
to	TO	to	O
do	VB	do	O
servant	NN	servant	B-Entity
's	POS	's	I-Entity
work	NN	work	I-Entity
until	IN	until	O
cock-crow	NN	cock-crow	B-Entity
.	.	.	O

Next	JJ	next	B-Entity
morning	NN	morning	I-Entity
the	DT	the	B-Entity
king	NN	king	I-Entity
sent	VBD	send	O
his	PRP$	he	B-Entity
people	NNS	people	I-Entity
out	RP	out	O
to	TO	to	O
seek	VB	seek	O
the	DT	the	B-Entity
track	NN	track	I-Entity
,	,	,	O
but	CC	but	O
it	PRP	it	O
was	VBD	be	O
all	DT	all	B-Entity
in	IN	in	I-Entity
vain	JJ	vain	I-Entity
,	,	,	O
for	IN	for	O
in	IN	in	O
every	DT	every	B-Entity
street	NN	street	I-Entity
poor	JJ	poor	B-Entity
children	NNS	child	I-Entity
were	VBD	be	O
sitting	VBG	sit	O
,	,	,	O
picking	VBG	pick	O
up	RP	up	O
peas	NNS	pea	B-Entity
,	,	,	O
and	CC	and	O
saying	VBG	say	O
:	:	:	O
'	''	'	O
It	PRP	it	O
must	MD	must	O
have	VB	have	O
rained	VBN	rain	O
peas	NNS	pea	B-Entity
,	,	,	O
last	JJ	last	B-Entity
night	NN	night	I-Entity
.	.	.	O
'	''	'	O
'	''	'	O
We	PRP	we	O
must	MD	must	O
think	VB	think	O
of	IN	of	O
something	NN	something	B-Entity
else	RB	else	I-Entity
,	,	,	O
'	''	'	O
said	VBD	say	O
the	DT	the	B-Entity
king	NN	king	I-Entity
;	:	;	O
'keep	VB	'keep	O
your	PRP$	you	B-Entity
shoes	NNS	shoe	I-Entity
on	IN	on	O
when	WRB	when	O
you	PRP	you	O
go	VBP	go	O
to	TO	to	O
bed	NN	bed	B-Entity
,	,	,	O
and	CC	and	O
before	IN	before	O
you	PRP	you	O
come	VBP	come	O
back	RB	back	O
from	IN	from	O
the	DT	the	B-Entity
place	NN	place	I-Entity
where	WRB	where	O
you	PRP	you	O
are	VBP	be	O
taken	VBN	take	O
,	,	,	O
hide	VB	hide	O
one	CD	one	B-Entity
of	IN	of	I-Entity
them	PRP	they	I-Entity
there	RB	there	O
,	,	,	O
I	PRP	I	O
will	MD	will	O
soon	RB	soon	O
contrive	VB	contrive	O
to	TO	to	O
find	VB	find	O
it	PRP	it	O
.	.	.	O
'	''	'	O
The	DT	the	B-Entity
black	JJ	black	I-Entity
manikin	NN	manikin	I-Entity
heard	VBD	hear	O
this	DT	this	B-Entity
plot	NN	plot	I-Entity
,	,	,	O
and	CC	and	O
at	IN	at	O
night	NN	night	B-Entity
when	WRB	when	O
the	DT	the	B-Entity
soldier	NN	soldier	I-Entity
again	RB	again	O
ordered	VBD	order	O
him	PRP	he	O
to	TO	to	O
bring	VB	bring	O
the	DT	the	B-Entity
princess	NN	princess	I-Entity
,	,	,	O
revealed	VBD	reveal	O
it	PRP	it	O
to	TO	to	O
him	PRP	he	O
,	,	,	O
and	CC	and	O
told	VBD	tell	O
him	PRP	he	O
that	IN	that	O
he	PRP	he	O
knew	VBD	know	O
of	IN	of	O
no	DT	no	B-Entity
expedient	NN	expedient	I-Entity
to	TO	to	I-Entity
counteract	VB	counteract	I-Entity
this	DT	this	I-Entity
stratagem	NN	stratagem	I-Entity
,	,	,	O
and	CC	and	O
that	IN	that	O
if	IN	if	O
the	DT	the	B-Entity
shoe	NN	shoe	I-Entity
were	VBD	be	O
found	VBN	find	O
in	IN	in	O
the	DT	the	B-Entity
soldier	NN	soldier	I-Entity
's	POS	's	I-Entity
house	NN	house	I-Entity
it	PRP	it	O
would	MD	would	O
go	VB	go	O
badly	RB	badly	O
with	IN	with	O
him	PRP	he	O
.	.	.	O

'	''	'	O
Do	VBP	do	O
what	WP	what	O
I	PRP	I	O
bid	VBP	bid	O
you	PRP	you	O
,	,	,	O
'	''	'	O
replied	VBD	reply	O
the	DT	the	B-Entity
soldier	NN	soldier	I-Entity
,	,	,	O
and	CC	and	O
again	RB	again	O
this	DT	this	B-Entity
third	JJ	third	I-Entity
night	NN	night	I-Entity
the	DT	the	B-Entity
princess	NN	princess	I-Entity
was	VBD	be	O
obliged	VBN	oblige	O
to	TO	to	O
work	VB	work	O
like	IN	like	O
a	DT	a	B-Entity
servant	NN	servant	I-Entity
,	,	,	O
but	CC	but	O
before	IN	before	O
she	PRP	she	O
went	VBD	go	O
away	RB	away	O
,	,	,	O
she	PRP	she	O
hid	VBD	hide	O
her	PRP$	she	B-Entity
shoe	NN	shoe	I-Entity
under	IN	under	O
the	DT	the	B-Entity
bed	NN	bed	I-Entity
.	.	.	O

Next	JJ	next	B-Entity
morning	NN	morning	I-Entity
the	DT	the	B-Entity
king	NN	king	I-Entity
had	VBD	have	O
the	DT	the	B-Entity
entire	JJ	entire	I-Entity
town	NN	town	I-Entity
searched	VBD	search	O
for	IN	for	O
his	PRP$	he	B-Entity
daughter	NN	daughter	I-Entity
's	POS	's	I-Entity
shoe	NN	shoe	I-Entity
.	.	.	O

It	PRP	it	O
was	VBD	be	O
found	VBN	find	O
at	IN	at	O
the	DT	the	B-Entity
soldier	NN	soldier	I-Entity
's	POS	's	I-Entity
,	,	,	O
and	CC	and	O
the	DT	the	B-Entity
soldier	NN	soldier	I-Entity
himself	PRP	himself	I-Entity
,	,	,	I-Entity
who	WP	who	I-Entity
at	IN	at	I-Entity
the	DT	the	I-Entity
entreaty	NN	entreaty	I-Entity
of	IN	of	I-Entity
the	DT	the	I-Entity
dwarf	NN	dwarf	I-Entity
had	VBD	have	I-Entity
gone	VBN	go	I-Entity
outside	IN	outside	I-Entity
the	DT	the	I-Entity
gate	NN	gate	I-Entity
,	,	,	I-Entity
was	VBD	be	O
soon	RB	soon	O
brought	VBN	bring	O
back	RB	back	O
,	,	,	O
and	CC	and	O
thrown	VBD	throw	O
into	IN	into	O
prison	NN	prison	B-Entity
.	.	.	O

In	IN	in	O
his	PRP$	he	B-Entity
flight	NN	flight	I-Entity
he	PRP	he	O
had	VBD	have	O
forgotten	VBN	forget	O
the	DT	the	B-Entity
most	RBS	most	I-Entity
valuable	JJ	valuable	I-Entity
things	NNS	thing	I-Entity
he	PRP	he	I-Entity
had	VBD	have	I-Entity
,	,	,	I-Entity
the	DT	the	I-Entity
blue	JJ	blue	I-Entity
light	NN	light	I-Entity
and	CC	and	I-Entity
the	DT	the	I-Entity
gold	NN	gold	I-Entity
,	,	,	O
and	CC	and	O
had	VBD	have	O
only	RB	only	B-Entity
one	CD	one	I-Entity
ducat	NN	ducat	I-Entity
in	IN	in	I-Entity
his	PRP$	he	I-Entity
pocket	NN	pocket	I-Entity
.	.	.	O

And	CC	and	O
now	RB	now	O
loaded	VBN	load	O
with	IN	with	O
chains	NNS	chain	B-Entity
,	,	,	O
he	PRP	he	O
was	VBD	be	O
standing	VBG	stand	O
at	IN	at	O
the	DT	the	B-Entity
window	NN	window	I-Entity
of	IN	of	I-Entity
his	PRP$	he	I-Entity
dungeon	NN	dungeon	I-Entity
,	,	,	O
when	WRB	when	O
he	PRP	he	O
chanced	VBD	chance	O
to	TO	to	O
see	VB	see	O
one	CD	one	B-Entity
of	IN	of	I-Entity
his	PRP$	he	I-Entity
comrades	NNS	comrade	I-Entity
passing	VBG	pass	O
by	IN	by	O
.	.	.	O

The	DT	the	B-Entity
soldier	NN	soldier	I-Entity
tapped	VBD	tap	O
at	IN	at	O
the	DT	the	B-Entity
pane	NN	pane	I-Entity
of	IN	of	I-Entity
glass	NN	glass	I-Entity
,	,	,	O
and	CC	and	O
when	WRB	when	O
this	DT	this	B-Entity
man	NN	man	I-Entity
came	VBD	come	O
up	RP	up	O
,	,	,	O
said	VBD	say	O
to	TO	to	O
him	PRP	he	O
:	:	:	O
'	''	'	O
Be	VBP	be	O
so	RB	so	O
kind	JJ	kind	O
as	IN	as	O
to	TO	to	O
fetch	VB	fetch	O
me	PRP	I	O
the	DT	the	B-Entity
small	JJ	small	I-Entity
bundle	NN	bundle	I-Entity
I	PRP	I	I-Entity
have	VBP	have	I-Entity
left	VBN	leave	I-Entity
lying	VBG	lie	I-Entity
in	IN	in	I-Entity
the	DT	the	I-Entity
inn	NN	inn	I-Entity
,	,	,	O
and	CC	and	O
I	PRP	I	O
will	MD	will	O
give	VB	give	O
you	PRP	you	O
a	DT	a	B-Entity
ducat	NN	ducat	I-Entity
for	IN	for	I-Entity
doing	VBG	do	I-Entity
it	PRP	it	I-Entity
.	.	.	O
'	''	'	O
His	PRP$	he	B-Entity
comrade	NN	comrade	I-Entity
ran	VBD	run	O
thither	RB	thither	B-Entity
and	CC	and	O
brought	VBD	bring	O
him	PRP	he	O
what	WP	what	O
he	PRP	he	O
wanted	VBD	want	O
.	.	.	O

As	RB	as	O
soon	RB	soon	O
as	IN	as	O
the	DT	the	B-Entity
soldier	NN	soldier	I-Entity
was	VBD	be	O
alone	RB	alone	O
again	RB	again	O
,	,	,	O
he	PRP	he	O
lighted	VBD	light	O
his	PRP$	he	B-Entity
pipe	NN	pipe	I-Entity
and	CC	and	O
summoned	VBD	summon	O
the	DT	the	B-Entity
black	JJ	black	I-Entity
manikin	NN	manikin	I-Entity
.	.	.	O

'	''	'	O
Have	VBP	have	O
no	DT	no	B-Entity
fear	NN	fear	I-Entity
,	,	,	O
'	''	'	O
said	VBD	say	O
the	DT	the	B-Entity
latter	JJ	latter	I-Entity
to	TO	to	O
his	PRP$	he	B-Entity
master	NN	master	I-Entity
.	.	.	O

'	''	'	O
Go	NNP	Go	O
wheresoever	VBD	wheresoever	O
they	PRP	they	O
take	VBP	take	O
you	PRP	you	O
,	,	,	O
and	CC	and	O
let	VB	let	O
them	PRP	they	O
do	VB	do	O
what	WP	what	O
they	PRP	they	O
will	MD	will	O
,	,	,	O
only	RB	only	O
take	VB	take	O
the	DT	the	B-Entity
blue	JJ	blue	I-Entity
light	NN	light	I-Entity
with	IN	with	O
you	PRP	you	O
.	.	.	O
'	''	'	O
Next	JJ	next	B-Entity
day	NN	day	I-Entity
the	DT	the	B-Entity
soldier	NN	soldier	I-Entity
was	VBD	be	O
tried	VBN	try	O
,	,	,	O
and	CC	and	O
though	IN	though	O
he	PRP	he	O
had	VBD	have	O
done	VBN	do	O
nothing	NN	nothing	B-Entity
wicked	JJ	wicked	I-Entity
,	,	,	O
the	DT	the	B-Entity
judge	NN	judge	I-Entity
condemned	VBD	condemn	O
him	PRP	he	O
to	TO	to	O
death	NN	death	B-Entity
.	.	.	O

When	WRB	when	O
he	PRP	he	O
was	VBD	be	O
led	VBN	lead	O
forth	RB	forth	O
to	TO	to	O
die	VB	die	O
,	,	,	O
he	PRP	he	O
begged	VBD	beg	O
a	DT	a	B-Entity
last	JJ	last	I-Entity
favour	NN	favour	I-Entity
of	IN	of	I-Entity
the	DT	the	I-Entity
king	NN	king	I-Entity
.	.	.	O

'	''	'	O
What	WP	what	O
is	VBZ	be	O
it	PRP	it	O
?	.	?	O
'	''	'	O
asked	VBD	ask	O
the	DT	the	B-Entity
king	NN	king	I-Entity
.	.	.	O

'	''	'	O
That	IN	that	O
I	PRP	I	O
may	MD	may	O
smoke	VB	smoke	O
one	CD	one	B-Entity
more	JJR	more	I-Entity
pipe	NN	pipe	I-Entity
on	IN	on	O
my	PRP$	my	B-Entity
way	NN	way	I-Entity
.	.	.	O
'	''	'	O
'	''	'	O
You	PRP	you	O
may	MD	may	O
smoke	VB	smoke	O
three	CD	three	B-Entity
,	,	,	O
'	''	'	O
answered	VBD	answer	O
the	DT	the	B-Entity
king	NN	king	I-Entity
,	,	,	O
'but	NN	'but	O
do	VBP	do	O
not	RB	not	O
imagine	VB	imagine	O
that	IN	that	O
I	PRP	I	O
will	MD	will	O
spare	VB	spare	O
your	PRP$	you	B-Entity
life	NN	life	I-Entity
.	.	.	O
'	''	'	O
Then	RB	then	O
the	DT	the	B-Entity
soldier	NN	soldier	I-Entity
pulled	VBD	pull	O
out	RP	out	O
his	PRP$	he	B-Entity
pipe	NN	pipe	I-Entity
and	CC	and	O
lighted	VBD	light	O
it	PRP	it	O
at	IN	at	O
the	DT	the	B-Entity
blue	JJ	blue	I-Entity
light	NN	light	I-Entity
,	,	,	O
and	CC	and	O
as	RB	as	O
soon	RB	soon	O
as	IN	as	O
a	DT	a	B-Entity
few	JJ	few	I-Entity
wreaths	NNS	wreath	I-Entity
of	IN	of	I-Entity
smoke	NN	smoke	I-Entity
had	VBD	have	O
ascended	VBN	ascend	O
,	,	,	O
the	DT	the	B-Entity
manikin	NN	manikin	I-Entity
was	VBD	be	O
there	RB	there	O
with	IN	with	O
a	DT	a	B-Entity
small	JJ	small	I-Entity
cudgel	NN	cudgel	I-Entity
in	IN	in	I-Entity
his	PRP$	he	I-Entity
hand	NN	hand	I-Entity
,	,	,	O
and	CC	and	O
said	VBD	say	O
:	:	:	O
'	''	'	O
What	WP	what	O
does	VBZ	do	O
my	PRP$	my	B-Entity
lord	NN	lord	I-Entity
command	NN	command	O
?	.	?	O
'	''	'	O
'Strike	NN	'strike	O
down	IN	down	O
to	TO	to	O
earth	NN	earth	B-Entity
that	IN	that	B-Entity
false	JJ	false	I-Entity
judge	NN	judge	I-Entity
there	RB	there	I-Entity
,	,	,	I-Entity
and	CC	and	I-Entity
his	PRP$	he	I-Entity
constable	NN	constable	I-Entity
,	,	,	O
and	CC	and	O
spare	JJ	spare	O
not	RB	not	O
the	DT	the	B-Entity
king	NN	king	I-Entity
who	WP	who	I-Entity
has	VBZ	have	I-Entity
treated	VBN	treat	I-Entity
me	PRP	I	I-Entity
so	RB	so	I-Entity
ill	JJ	ill	I-Entity
.	.	.	O
'	''	'	O
Then	RB	then	O
the	DT	the	B-Entity
manikin	NN	manikin	I-Entity
fell	VBD	fall	O
on	IN	on	O
them	PRP	they	O
like	IN	like	O
lightning	NN	lightning	B-Entity
,	,	,	O
darting	VBG	dart	O
this	DT	this	B-Entity
way	NN	way	I-Entity
and	CC	and	I-Entity
that	DT	that	I-Entity
way	NN	way	I-Entity
,	,	,	O
and	CC	and	O
whosoever	NN	whosoever	B-Entity
was	VBD	be	O
so	RB	so	O
much	JJ	much	O
as	IN	as	O
touched	VBN	touch	O
by	IN	by	O
his	PRP$	he	B-Entity
cudgel	NN	cudgel	I-Entity
fell	VBD	fall	O
to	TO	to	O
earth	NN	earth	B-Entity
,	,	,	O
and	CC	and	O
did	VBD	do	O
not	RB	not	O
venture	VB	venture	O
to	TO	to	O
stir	VB	stir	O
again	RB	again	O
.	.	.	O

The	DT	the	B-Entity
king	NN	king	I-Entity
was	VBD	be	O
terrified	VBN	terrify	O
;	:	;	O
he	PRP	he	O
threw	VBD	throw	O
himself	PRP	himself	O
on	IN	on	O
the	DT	the	B-Entity
soldier	NN	soldier	I-Entity
's	POS	's	I-Entity
mercy	NN	mercy	I-Entity
,	,	,	O
and	CC	and	O
merely	RB	merely	O
to	TO	to	O
be	VB	be	O
allowed	VBN	allow	O
to	TO	to	O
live	VB	live	O
at	IN	at	O
all	DT	all	O
,	,	,	O
gave	VBD	give	O
him	PRP	he	O
his	PRP$	he	B-Entity
kingdom	NN	kingdom	I-Entity
for	IN	for	I-Entity
his	PRP$	he	I-Entity
own	JJ	own	I-Entity
,	,	,	O
and	CC	and	O
his	PRP$	he	B-Entity
daughter	NN	daughter	I-Entity
to	TO	to	I-Entity
wife	NN	wife	I-Entity
.	.	.	O

A	DT	a	B-Entity
great	JJ	great	I-Entity
king	NN	king	I-Entity
of	IN	of	I-Entity
a	DT	a	I-Entity
land	NN	land	I-Entity
far	RB	far	I-Entity
away	RB	away	I-Entity
in	IN	in	I-Entity
the	DT	the	I-Entity
East	NNP	East	I-Entity
had	VBD	have	O
a	DT	a	B-Entity
daughter	NN	daughter	I-Entity
who	WP	who	I-Entity
was	VBD	be	I-Entity
very	RB	very	I-Entity
beautiful	JJ	beautiful	I-Entity
,	,	,	I-Entity
but	CC	but	I-Entity
so	RB	so	I-Entity
proud	JJ	proud	I-Entity
,	,	,	I-Entity
and	CC	and	I-Entity
haughty	JJ	haughty	I-Entity
,	,	,	I-Entity
and	CC	and	I-Entity
conceited	VBN	conceit	I-Entity
,	,	,	I-Entity
that	IN	that	I-Entity
none	NN	none	I-Entity
of	IN	of	I-Entity
the	DT	the	I-Entity
princes	NNS	prince	I-Entity
who	WP	who	I-Entity
came	VBD	come	I-Entity
to	TO	to	I-Entity
ask	VB	ask	I-Entity
her	PRP	she	I-Entity
in	IN	in	I-Entity
marriage	NN	marriage	I-Entity
was	VBD	be	I-Entity
good	JJ	good	I-Entity
enough	RB	enough	I-Entity
for	IN	for	I-Entity
her	PRP	she	I-Entity
,	,	,	I-Entity
and	CC	and	I-Entity
she	PRP	she	I-Entity
only	RB	only	I-Entity
made	VBD	make	I-Entity
sport	NN	sport	I-Entity
of	IN	of	I-Entity
them	PRP	they	I-Entity
.	.	.	O


Once	RB	once	O
upon	IN	upon	O
a	DT	a	B-Entity
time	NN	time	I-Entity
the	DT	the	B-Entity
king	NN	king	I-Entity
held	VBD	hold	O
a	DT	a	B-Entity
great	JJ	great	I-Entity
feast	NN	feast	I-Entity
,	,	,	O
and	CC	and	O
asked	VBD	ask	O
thither	RB	thither	O
all	DT	all	B-Entity
her	PRP$	she	I-Entity
suitors	NNS	suitor	I-Entity
;	:	;	O
and	CC	and	O
they	PRP	they	O
all	DT	all	O
sat	VBD	sit	O
in	IN	in	O
a	DT	a	B-Entity
row	NN	row	I-Entity
,	,	,	I-Entity
ranged	VBD	range	I-Entity
according	VBG	accord	I-Entity
to	TO	to	I-Entity
their	PRP$	they	I-Entity
rank	NN	rank	I-Entity
--	:	--	I-Entity
kings	NNS	king	I-Entity
,	,	,	I-Entity
and	CC	and	I-Entity
princes	NNS	prince	I-Entity
,	,	,	I-Entity
and	CC	and	I-Entity
dukes	NNS	duke	I-Entity
,	,	,	I-Entity
and	CC	and	I-Entity
earls	NNS	earl	I-Entity
,	,	,	I-Entity
and	CC	and	I-Entity
counts	NNS	count	I-Entity
,	,	,	I-Entity
and	CC	and	I-Entity
barons	NNS	baron	I-Entity
,	,	,	I-Entity
and	CC	and	I-Entity
knights	NNS	knight	I-Entity
.	.	.	O

Then	RB	then	O
the	DT	the	B-Entity
princess	NN	princess	I-Entity
came	VBD	come	O
in	IN	in	O
,	,	,	O
and	CC	and	O
as	IN	as	O
she	PRP	she	O
passed	VBD	pass	O
by	IN	by	O
them	PRP	they	O
she	PRP	she	O
had	VBD	have	O
something	NN	something	B-Entity
spiteful	JJ	spiteful	I-Entity
to	TO	to	I-Entity
say	VB	say	I-Entity
to	TO	to	I-Entity
every	DT	every	I-Entity
one	CD	one	I-Entity
.	.	.	O

The	DT	the	B-Entity
first	JJ	first	I-Entity
was	VBD	be	O
too	RB	too	O
fat	JJ	fat	O
:	:	:	O
'	''	'	O
He	PRP	he	O
's	VBZ	be	O
as	RB	as	O
round	JJ	round	O
as	IN	as	O
a	DT	a	B-Entity
tub	NN	tub	I-Entity
,	,	,	O
'	''	'	O
said	VBD	say	O
she	PRP	she	O
.	.	.	O

The	DT	the	B-Entity
next	JJ	next	I-Entity
was	VBD	be	O
too	RB	too	O
tall	JJ	tall	O
:	:	:	O
'	''	'	O
What	WP	what	O
a	DT	a	O
maypole	NN	maypole	O
!	.	!	O
'	''	'	O
said	VBD	say	O
she	PRP	she	O
.	.	.	O

The	DT	the	B-Entity
next	JJ	next	I-Entity
was	VBD	be	O
too	RB	too	O
short	JJ	short	O
:	:	:	O
'	''	'	O
What	WP	what	O
a	DT	a	O
dumpling	NN	dumpling	O
!	.	!	O
'	''	'	O
said	VBD	say	O
she	PRP	she	O
.	.	.	O

The	DT	the	B-Entity
fourth	JJ	fourth	I-Entity
was	VBD	be	O
too	RB	too	O
pale	JJ	pale	O
,	,	,	O
and	CC	and	O
she	PRP	she	O
called	VBD	call	O
him	PRP	he	O
'	''	'	O
Wallface	NNP	Wallface	B-Entity
.	.	.	O
'	''	'	O

The	DT	the	B-Entity
fifth	NN	fifth	I-Entity
was	VBD	be	O
too	RB	too	O
red	JJ	red	O
,	,	,	O
so	IN	so	O
she	PRP	she	O
called	VBD	call	O
him	PRP	he	O
'	''	'	O
Coxcomb	NNP	Coxcomb	B-Entity
.	.	.	O
'	''	'	O

The	DT	the	B-Entity
sixth	NN	sixth	I-Entity
was	VBD	be	O
not	RB	not	O
straight	JJ	straight	O
enough	RB	enough	O
;	:	;	O
so	IN	so	O
she	PRP	she	O
said	VBD	say	O
he	PRP	he	O
was	VBD	be	O
like	IN	like	O
a	DT	a	B-Entity
green	JJ	green	I-Entity
stick	NN	stick	I-Entity
,	,	,	I-Entity
that	WDT	that	I-Entity
had	VBD	have	I-Entity
been	VBN	be	I-Entity
laid	VBN	lay	I-Entity
to	TO	to	I-Entity
dry	VB	dry	I-Entity
over	IN	over	I-Entity
a	DT	a	I-Entity
baker	NN	baker	I-Entity
's	POS	's	I-Entity
oven	NN	oven	I-Entity
.	.	.	O

And	CC	and	O
thus	RB	thus	O
she	PRP	she	O
had	VBD	have	O
some	DT	some	B-Entity
joke	NN	joke	I-Entity
to	TO	to	I-Entity
crack	VB	crack	I-Entity
upon	IN	upon	I-Entity
every	DT	every	I-Entity
one	NN	one	I-Entity
:	:	:	O
but	CC	but	O
she	PRP	she	O
laughed	VBD	laugh	O
more	JJR	more	O
than	IN	than	O
all	DT	all	O
at	IN	at	O
a	DT	a	B-Entity
good	JJ	good	I-Entity
king	NN	king	I-Entity
who	WP	who	I-Entity
was	VBD	be	I-Entity
there	RB	there	I-Entity
.	.	.	O

'	POS	'	O
Look	NN	look	O
at	IN	at	O
him	PRP	he	O
,	,	,	O
'	''	'	O
said	VBD	say	O
she	PRP	she	O
;	:	;	O
'	''	'	O
his	PRP$	he	B-Entity
beard	NN	beard	I-Entity
is	VBZ	be	O
like	IN	like	O
an	DT	a	B-Entity
old	JJ	old	I-Entity
mop	VB	mop	I-Entity
;	:	;	O
he	PRP	he	O
shall	MD	shall	O
be	VB	be	O
called	VBN	call	O
Grisly-beard	JJ	grisly-beard	O
.	.	.	O
'	''	'	O
So	IN	so	O
the	DT	the	B-Entity
king	NN	king	I-Entity
got	VBD	get	O
the	DT	the	B-Entity
nickname	NN	nickname	I-Entity
of	IN	of	I-Entity
Grisly-beard	NN	grisly-beard	I-Entity
.	.	.	O

But	CC	but	O
the	DT	the	B-Entity
old	JJ	old	I-Entity
king	NN	king	I-Entity
was	VBD	be	O
very	RB	very	O
angry	JJ	angry	O
when	WRB	when	O
he	PRP	he	O
saw	VBD	see	O
how	WRB	how	O
his	PRP$	he	B-Entity
daughter	NN	daughter	I-Entity
behaved	VBD	behave	O
,	,	,	O
and	CC	and	O
how	WRB	how	O
she	PRP	she	O
ill-treated	VBD	ill-treat	O
all	PDT	all	B-Entity
his	PRP$	he	I-Entity
guests	NNS	guest	I-Entity
;	:	;	O
and	CC	and	O
he	PRP	he	O
vowed	VBD	vow	O
that	IN	that	O
,	,	,	O
willing	JJ	willing	O
or	CC	or	O
unwilling	JJ	unwilling	O
,	,	,	O
she	PRP	she	O
should	MD	should	O
marry	VB	marry	O
the	DT	the	B-Entity
first	JJ	first	I-Entity
man	NN	man	I-Entity
,	,	,	O
be	VB	be	O
he	PRP	he	O
prince	NN	prince	O
or	CC	or	O
beggar	NN	beggar	O
,	,	,	O
that	WDT	that	O
came	VBD	come	O
to	TO	to	O
the	DT	the	B-Entity
door	NN	door	I-Entity
.	.	.	O

Two	CD	two	B-Entity
days	NNS	day	I-Entity
after	IN	after	I-Entity
there	EX	there	B-Entity
came	VBD	come	O
by	IN	by	O
a	DT	a	B-Entity
travelling	VBG	travel	I-Entity
fiddler	NN	fiddler	I-Entity
,	,	,	I-Entity
who	WP	who	I-Entity
began	VBD	begin	I-Entity
to	TO	to	I-Entity
play	VB	play	I-Entity
under	IN	under	I-Entity
the	DT	the	I-Entity
window	NN	window	I-Entity
and	CC	and	I-Entity
beg	VB	beg	I-Entity
alms	NNS	alms	I-Entity
;	:	;	O
and	CC	and	O
when	WRB	when	O
the	DT	the	B-Entity
king	NN	king	I-Entity
heard	VBD	hear	O
him	PRP	he	O
,	,	,	O
he	PRP	he	O
said	VBD	say	O
,	,	,	O
'	''	'	O
Let	NNP	Let	O
him	PRP	he	O
come	VB	come	O
in	RB	in	O
.	.	.	O
'	''	'	O
So	IN	so	O
they	PRP	they	O
brought	VBD	bring	O
in	IN	in	O
a	DT	a	B-Entity
dirty-looking	JJ	dirty-looking	I-Entity
fellow	NN	fellow	I-Entity
;	:	;	O
and	CC	and	O
when	WRB	when	O
he	PRP	he	O
had	VBD	have	O
sung	VBN	sing	O
before	IN	before	O
the	DT	the	B-Entity
king	NN	king	I-Entity
and	CC	and	I-Entity
the	DT	the	I-Entity
princess	NN	princess	I-Entity
,	,	,	O
he	PRP	he	O
begged	VBD	beg	O
a	DT	a	B-Entity
boon	NN	boon	I-Entity
.	.	.	O

Then	RB	then	O
the	DT	the	B-Entity
king	NN	king	I-Entity
said	VBD	say	O
,	,	,	O
'	''	'	O
You	PRP	you	O
have	VBP	have	O
sung	VBN	sing	O
so	RB	so	O
well	RB	well	O
,	,	,	O
that	IN	that	O
I	PRP	I	O
will	MD	will	O
give	VB	give	O
you	PRP	you	O
my	PRP$	my	B-Entity
daughter	NN	daughter	I-Entity
for	IN	for	O
your	PRP$	you	B-Entity
wife	NN	wife	I-Entity
.	.	.	O
'	''	'	O
The	DT	the	B-Entity
princess	NN	princess	I-Entity
begged	VBD	beg	O
and	CC	and	O
prayed	VBD	pray	O
;	:	;	O
but	CC	but	O
the	DT	the	B-Entity
king	NN	king	I-Entity
said	VBD	say	O
,	,	,	O
'	''	'	O
I	PRP	I	O
have	VBP	have	O
sworn	VBN	swear	O
to	TO	to	O
give	VB	give	O
you	PRP	you	O
to	TO	to	O
the	DT	the	B-Entity
first	JJ	first	I-Entity
comer	NN	comer	I-Entity
,	,	,	O
and	CC	and	O
I	PRP	I	O
will	MD	will	O
keep	VB	keep	O
my	PRP$	my	B-Entity
word	NN	word	I-Entity
.	.	.	O
'	''	'	O
So	IN	so	O
words	NNS	word	B-Entity
and	CC	and	I-Entity
tears	NNS	tear	I-Entity
were	VBD	be	O
of	IN	of	O
no	DT	no	B-Entity
avail	NN	avail	I-Entity
;	:	;	O
the	DT	the	B-Entity
parson	NN	parson	I-Entity
was	VBD	be	O
sent	VBN	send	O
for	IN	for	O
,	,	,	O
and	CC	and	O
she	PRP	she	O
was	VBD	be	O
married	VBN	marry	O
to	TO	to	O
the	DT	the	B-Entity
fiddler	NN	fiddler	I-Entity
.	.	.	O

When	WRB	when	O
this	DT	this	B-Entity
was	VBD	be	O
over	IN	over	O
the	DT	the	B-Entity
king	NN	king	I-Entity
said	VBD	say	O
,	,	,	O
'	''	'	O
Now	RB	now	O
get	VB	get	O
ready	JJ	ready	O
to	TO	to	O
go	VB	go	O
--	:	--	O
you	PRP	you	O
must	MD	must	O
not	RB	not	O
stay	VB	stay	O
here	RB	here	O
--	:	--	O
you	PRP	you	O
must	MD	must	O
travel	VB	travel	O
on	RP	on	O
with	IN	with	O
your	PRP$	you	B-Entity
husband	NN	husband	I-Entity
.	.	.	O
'	''	'	O

Then	RB	then	O
the	DT	the	B-Entity
fiddler	NN	fiddler	I-Entity
went	VBD	go	O
his	PRP$	he	B-Entity
way	NN	way	I-Entity
,	,	,	O
and	CC	and	O
took	VBD	take	O
her	PRP	she	O
with	IN	with	O
him	PRP	he	O
,	,	,	O
and	CC	and	O
they	PRP	they	O
soon	RB	soon	O
came	VBD	come	O
to	TO	to	O
a	DT	a	B-Entity
great	JJ	great	I-Entity
wood	NN	wood	I-Entity
.	.	.	O

'Pray	NN	'pray	O
,	,	,	O
'	''	'	O
said	VBD	say	O
she	PRP	she	O
,	,	,	O
'whose	NN	'whose	O
is	VBZ	be	O
this	DT	this	B-Entity
wood	NN	wood	I-Entity
?	.	?	O
'	''	'	O
'	''	'	O
It	PRP	it	O
belongs	VBZ	belong	O
to	TO	to	O
King	NNP	King	B-Entity
Grisly-beard	NN	grisly-beard	I-Entity
,	,	,	O
'	''	'	O
answered	VBD	answer	O
he	PRP	he	O
;	:	;	O
'hadst	NN	'hadst	O
thou	PRP	thou	O
taken	VBD	take	O
him	PRP	he	O
,	,	,	O
all	DT	all	O
had	VBD	have	O
been	VBN	be	O
thine	PRP$	thine	O
.	.	.	O
'	''	'	O
'	POS	'	O
Ah	NN	ah	O
!	.	!	O

unlucky	JJ	unlucky	B-Entity
wretch	NN	wretch	I-Entity
that	IN	that	I-Entity
I	PRP	I	I-Entity
am	VBP	be	I-Entity
!	.	!	O
'	''	'	O
sighed	VBD	sigh	O
she	PRP	she	O
;	:	;	O
'would	NN	'would	O
that	IN	that	O
I	PRP	I	O
had	VBD	have	O
married	VBN	marry	O
King	NNP	King	B-Entity
Grisly-beard	NN	grisly-beard	I-Entity
!	.	!	O
'	''	'	O
Next	NNP	Next	O
they	PRP	they	O
came	VBD	come	O
to	TO	to	O
some	DT	some	B-Entity
fine	JJ	fine	I-Entity
meadows	NNS	meadow	I-Entity
.	.	.	O

'	''	'	O
Whose	WP$	whose	B-Entity
are	VBP	be	O
these	DT	these	B-Entity
beautiful	JJ	beautiful	I-Entity
green	JJ	green	I-Entity
meadows	NNS	meadow	I-Entity
?	.	?	O
'	''	'	O
said	VBD	say	O
she	PRP	she	O
.	.	.	O
'	''	'	O
They	PRP	they	O
belong	VBP	belong	O
to	TO	to	O
King	NNP	King	B-Entity
Grisly-beard	NN	grisly-beard	I-Entity
,	,	,	O
hadst	NN	hadst	O
thou	PRP	thou	O
taken	VBD	take	O
him	PRP	he	O
,	,	,	O
they	PRP	they	O
had	VBD	have	O
all	DT	all	O
been	VBN	be	O
thine	PRP$	thine	O
.	.	.	O
'	''	'	O
'	POS	'	O
Ah	NN	ah	O
!	.	!	O

unlucky	JJ	unlucky	B-Entity
wretch	NN	wretch	I-Entity
that	IN	that	I-Entity
I	PRP	I	I-Entity
am	VBP	be	I-Entity
!	.	!	O
'	''	'	O
said	VBD	say	O
she	PRP	she	O
;	:	;	O
'would	NN	'would	O
that	IN	that	O
I	PRP	I	O
had	VBD	have	O
married	VBN	marry	O
King	NNP	King	B-Entity
Grisly-beard	NN	grisly-beard	I-Entity
!	.	!	O
'	''	'	O

Then	RB	then	O
they	PRP	they	O
came	VBD	come	O
to	TO	to	O
a	DT	a	B-Entity
great	JJ	great	I-Entity
city	NN	city	I-Entity
.	.	.	O

'	''	'	O
Whose	WP$	whose	B-Entity
is	VBZ	be	O
this	DT	this	B-Entity
noble	JJ	noble	I-Entity
city	NN	city	I-Entity
?	.	?	O
'	''	'	O
said	VBD	say	O
she	PRP	she	O
.	.	.	O
'	''	'	O
It	PRP	it	O
belongs	VBZ	belong	O
to	TO	to	O
King	NNP	King	B-Entity
Grisly-beard	NN	grisly-beard	I-Entity
;	:	;	O
hadst	NN	hadst	O
thou	PRP	thou	O
taken	VBD	take	O
him	PRP	he	O
,	,	,	O
it	PRP	it	O
had	VBD	have	O
all	DT	all	O
been	VBN	be	O
thine	PRP$	thine	O
.	.	.	O
'	''	'	O
'	POS	'	O
Ah	NN	ah	O
!	.	!	O

wretch	VB	wretch	O
that	IN	that	O
I	PRP	I	O
am	VBP	be	O
!	.	!	O
'	''	'	O
sighed	VBD	sigh	O
she	PRP	she	O
;	:	;	O
'why	NN	'why	O
did	VBD	do	O
I	PRP	I	O
not	RB	not	O
marry	VB	marry	O
King	NNP	King	B-Entity
Grisly-beard	NN	grisly-beard	I-Entity
?	.	?	O
'	''	'	O
'	''	'	O
That	DT	that	B-Entity
is	VBZ	be	O
no	DT	no	B-Entity
business	NN	business	I-Entity
of	IN	of	I-Entity
mine	NN	mine	I-Entity
,	,	,	O
'	''	'	O
said	VBD	say	O
the	DT	the	B-Entity
fiddler	NN	fiddler	I-Entity
:	:	:	O
'why	NN	'why	O
should	MD	should	O
you	PRP	you	O
wish	VB	wish	O
for	IN	for	O
another	DT	another	B-Entity
husband	NN	husband	I-Entity
?	.	?	O

Am	VBP	be	O
not	RB	not	O
I	PRP	I	O
good	JJ	good	O
enough	RB	enough	O
for	IN	for	O
you	PRP	you	O
?	.	?	O
'	''	'	O

At	IN	at	O
last	JJ	last	O
they	PRP	they	O
came	VBD	come	O
to	TO	to	O
a	DT	a	B-Entity
small	JJ	small	I-Entity
cottage	NN	cottage	I-Entity
.	.	.	O

'	''	'	O
What	WP	what	O
a	DT	a	B-Entity
paltry	JJ	paltry	I-Entity
place	NN	place	I-Entity
!	.	!	O
'	''	'	O
said	VBD	say	O
she	PRP	she	O
;	:	;	O
'to	NN	'to	O
whom	WP	whom	O
does	VBZ	do	O
that	IN	that	B-Entity
little	JJ	little	I-Entity
dirty	JJ	dirty	I-Entity
hole	NN	hole	I-Entity
belong	VB	belong	O
?	.	?	O
'	''	'	O
Then	RB	then	O
the	DT	the	B-Entity
fiddler	NN	fiddler	I-Entity
said	VBD	say	O
,	,	,	O
'	''	'	O
That	DT	that	B-Entity
is	VBZ	be	O
your	PRP$	you	B-Entity
and	CC	and	I-Entity
my	PRP$	my	I-Entity
house	NN	house	I-Entity
,	,	,	I-Entity
where	WRB	where	I-Entity
we	PRP	we	I-Entity
are	VBP	be	I-Entity
to	TO	to	I-Entity
live	VB	live	I-Entity
.	.	.	O
'	''	'	O
'	''	'	O
Where	WRB	where	O
are	VBP	be	O
your	PRP$	you	B-Entity
servants	NNS	servant	I-Entity
?	.	?	O
'	''	'	O
cried	VBD	cry	O
she	PRP	she	O
.	.	.	O

'	''	'	O
What	WP	what	O
do	VBP	do	O
we	PRP	we	O
want	VB	want	O
with	IN	with	O
servants	NNS	servant	B-Entity
?	.	?	O
'	''	'	O
said	VBD	say	O
he	PRP	he	O
;	:	;	O
'	''	'	O
you	PRP	you	O
must	MD	must	O
do	VB	do	O
for	IN	for	O
yourself	PRP	yourself	O
whatever	WDT	whatever	O
is	VBZ	be	O
to	TO	to	O
be	VB	be	O
done	VBN	do	O
.	.	.	O

Now	RB	now	O
make	VB	make	O
the	DT	the	B-Entity
fire	NN	fire	I-Entity
,	,	,	O
and	CC	and	O
put	VBN	put	O
on	IN	on	O
water	NN	water	B-Entity
and	CC	and	O
cook	VB	cook	O
my	PRP$	my	B-Entity
supper	NN	supper	I-Entity
,	,	,	O
for	IN	for	O
I	PRP	I	O
am	VBP	be	O
very	RB	very	O
tired	JJ	tired	O
.	.	.	O
'	''	'	O
But	CC	but	O
the	DT	the	B-Entity
princess	NN	princess	I-Entity
knew	VBD	know	O
nothing	NN	nothing	B-Entity
of	IN	of	I-Entity
making	VBG	make	I-Entity
fires	NNS	fire	I-Entity
and	CC	and	I-Entity
cooking	NN	cooking	I-Entity
,	,	,	O
and	CC	and	O
the	DT	the	B-Entity
fiddler	NN	fiddler	I-Entity
was	VBD	be	O
forced	VBN	force	O
to	TO	to	O
help	VB	help	O
her	PRP	she	O
.	.	.	O

When	WRB	when	O
they	PRP	they	O
had	VBD	have	O
eaten	VBN	eat	O
a	DT	a	B-Entity
very	RB	very	I-Entity
scanty	JJ	scanty	I-Entity
meal	NN	meal	I-Entity
they	PRP	they	O
went	VBD	go	O
to	TO	to	O
bed	NN	bed	B-Entity
;	:	;	O
but	CC	but	O
the	DT	the	B-Entity
fiddler	NN	fiddler	I-Entity
called	VBD	call	O
her	PRP	she	O
up	RP	up	O
very	RB	very	O
early	RB	early	O
in	IN	in	O
the	DT	the	B-Entity
morning	NN	morning	I-Entity
to	TO	to	O
clean	VB	clean	O
the	DT	the	B-Entity
house	NN	house	I-Entity
.	.	.	O

Thus	RB	thus	O
they	PRP	they	O
lived	VBD	live	O
for	IN	for	O
two	CD	two	B-Entity
days	NNS	day	I-Entity
:	:	:	O
and	CC	and	O
when	WRB	when	O
they	PRP	they	O
had	VBD	have	O
eaten	VBN	eat	O
up	RP	up	O
all	DT	all	O
there	EX	there	B-Entity
was	VBD	be	O
in	IN	in	O
the	DT	the	B-Entity
cottage	NN	cottage	I-Entity
,	,	,	O
the	DT	the	B-Entity
man	NN	man	I-Entity
said	VBD	say	O
,	,	,	O
'	''	'	O
Wife	NNP	Wife	O
,	,	,	O
we	PRP	we	O
ca	MD	can	O
n't	RB	not	O
go	VB	go	O
on	IN	on	O
thus	RB	thus	O
,	,	,	O
spending	VBG	spend	O
money	NN	money	B-Entity
and	CC	and	O
earning	NN	earning	O
nothing	NN	nothing	B-Entity
.	.	.	O

You	PRP	you	O
must	MD	must	O
learn	VB	learn	O
to	TO	to	O
weave	VB	weave	O
baskets	NNS	basket	B-Entity
.	.	.	O
'	''	'	O
Then	RB	then	O
he	PRP	he	O
went	VBD	go	O
out	RB	out	O
and	CC	and	O
cut	VB	cut	O
willows	NNS	willow	B-Entity
,	,	,	O
and	CC	and	O
brought	VBD	bring	O
them	PRP	they	O
home	NN	home	B-Entity
,	,	,	O
and	CC	and	O
she	PRP	she	O
began	VBD	begin	O
to	TO	to	O
weave	VB	weave	O
;	:	;	O
but	CC	but	O
it	PRP	it	O
made	VBD	make	O
her	PRP$	she	B-Entity
fingers	NNS	finger	I-Entity
very	RB	very	O
sore	JJ	sore	O
.	.	.	O

'	''	'	O
I	PRP	I	O
see	VBP	see	O
this	DT	this	B-Entity
work	NN	work	I-Entity
wo	MD	will	O
n't	RB	not	O
do	VB	do	O
,	,	,	O
'	''	'	O
said	VBD	say	O
he	PRP	he	O
:	:	:	O
'try	NN	'try	O
and	CC	and	O
spin	NN	spin	O
;	:	;	O
perhaps	RB	perhaps	O
you	PRP	you	O
will	MD	will	O
do	VB	do	O
that	DT	that	B-Entity
better	JJR	better	O
.	.	.	O
'	''	'	O
So	IN	so	O
she	PRP	she	O
sat	VBD	sit	O
down	RB	down	O
and	CC	and	O
tried	VBD	try	O
to	TO	to	O
spin	VB	spin	O
;	:	;	O
but	CC	but	O
the	DT	the	B-Entity
threads	NNS	thread	I-Entity
cut	VBD	cut	O
her	PRP$	she	B-Entity
tender	NN	tender	I-Entity
fingers	NNS	finger	I-Entity
till	IN	till	O
the	DT	the	B-Entity
blood	NN	blood	I-Entity
ran	VBD	run	O
.	.	.	O

'	POS	'	O
See	NNP	See	O
now	RB	now	O
,	,	,	O
'	''	'	O
said	VBD	say	O
the	DT	the	B-Entity
fiddler	NN	fiddler	I-Entity
,	,	,	O
'	''	'	O
you	PRP	you	O
are	VBP	be	O
good	JJ	good	O
for	IN	for	O
nothing	NN	nothing	B-Entity
;	:	;	O
you	PRP	you	O
can	MD	can	O
do	VB	do	O
no	DT	no	B-Entity
work	NN	work	I-Entity
:	:	:	O
what	WP	what	O
a	DT	a	O
bargain	NN	bargain	O
I	PRP	I	O
have	VBP	have	O
got	VBN	get	O
!	.	!	O

However	RB	however	O
,	,	,	O
I	PRP	I	O
'll	MD	will	O
try	VB	try	O
and	CC	and	O
set	VB	set	O
up	RP	up	O
a	DT	a	B-Entity
trade	NN	trade	I-Entity
in	IN	in	I-Entity
pots	NNS	pot	I-Entity
and	CC	and	I-Entity
pans	NNS	pan	I-Entity
,	,	,	O
and	CC	and	O
you	PRP	you	O
shall	MD	shall	O
stand	VB	stand	O
in	IN	in	O
the	DT	the	B-Entity
market	NN	market	I-Entity
and	CC	and	O
sell	VB	sell	O
them	PRP	they	O
.	.	.	O
'	''	'	O
'	''	'	O
Alas	NNPS	Alas	O
!	.	!	O
'	''	'	O
sighed	VBD	sigh	O
she	PRP	she	O
,	,	,	O
'if	VBP	'if	O
any	DT	any	B-Entity
of	IN	of	I-Entity
my	PRP$	my	I-Entity
father	NN	father	I-Entity
's	POS	's	I-Entity
court	NN	court	I-Entity
should	MD	should	O
pass	VB	pass	O
by	IN	by	O
and	CC	and	O
see	VB	see	O
me	PRP	I	O
standing	VBG	stand	O
in	IN	in	O
the	DT	the	B-Entity
market	NN	market	I-Entity
,	,	,	O
how	WRB	how	O
they	PRP	they	O
will	MD	will	O
laugh	NN	laugh	O
at	IN	at	O
me	PRP	I	O
!	.	!	O
'	''	'	O

But	CC	but	O
her	PRP$	she	B-Entity
husband	NN	husband	I-Entity
did	VBD	do	O
not	RB	not	O
care	VB	care	O
for	IN	for	O
that	DT	that	B-Entity
,	,	,	O
and	CC	and	O
said	VBD	say	O
she	PRP	she	O
must	MD	must	O
work	VB	work	O
,	,	,	O
if	IN	if	O
she	PRP	she	O
did	VBD	do	O
not	RB	not	O
wish	VB	wish	O
to	TO	to	O
die	VB	die	O
of	IN	of	O
hunger	NN	hunger	B-Entity
.	.	.	O

At	IN	at	O
first	RB	first	O
the	DT	the	B-Entity
trade	NN	trade	I-Entity
went	VBD	go	O
well	RB	well	O
;	:	;	O
for	IN	for	O
many	JJ	many	B-Entity
people	NNS	people	I-Entity
,	,	,	O
seeing	VBG	see	O
such	JJ	such	B-Entity
a	DT	a	I-Entity
beautiful	JJ	beautiful	I-Entity
woman	NN	woman	I-Entity
,	,	,	O
went	VBD	go	O
to	TO	to	O
buy	VB	buy	O
her	PRP$	she	B-Entity
wares	NNS	wares	I-Entity
,	,	,	O
and	CC	and	O
paid	VBD	pay	O
their	PRP$	they	B-Entity
money	NN	money	I-Entity
without	IN	without	O
thinking	VBG	think	O
of	IN	of	O
taking	VBG	take	O
away	RP	away	O
the	DT	the	B-Entity
goods	NNS	goods	I-Entity
.	.	.	O

They	PRP	they	O
lived	VBD	live	O
on	IN	on	O
this	DT	this	B-Entity
as	RB	as	O
long	RB	long	O
as	IN	as	O
it	PRP	it	O
lasted	VBD	last	O
;	:	;	O
and	CC	and	O
then	RB	then	O
her	PRP$	she	B-Entity
husband	NN	husband	I-Entity
bought	VBD	buy	O
a	DT	a	B-Entity
fresh	JJ	fresh	I-Entity
lot	NN	lot	I-Entity
of	IN	of	I-Entity
ware	NN	ware	I-Entity
,	,	,	O
and	CC	and	O
she	PRP	she	O
sat	VBD	sit	O
herself	PRP	herself	O
down	RP	down	O
with	IN	with	O
it	PRP	it	O
in	IN	in	O
the	DT	the	B-Entity
corner	NN	corner	I-Entity
of	IN	of	I-Entity
the	DT	the	I-Entity
market	NN	market	I-Entity
;	:	;	O
but	CC	but	O
a	DT	a	B-Entity
drunken	JJ	drunken	I-Entity
soldier	NN	soldier	I-Entity
soon	RB	soon	O
came	VBD	come	O
by	IN	by	O
,	,	,	O
and	CC	and	O
rode	VBD	ride	O
his	PRP$	he	B-Entity
horse	NN	horse	I-Entity
against	IN	against	O
her	PRP	she	B-Entity
stall	VBP	stall	I-Entity
,	,	,	O
and	CC	and	O
broke	VBD	break	O
all	DT	all	B-Entity
her	PRP$	she	I-Entity
goods	NNS	goods	I-Entity
into	IN	into	O
a	DT	a	B-Entity
thousand	CD	thousand	I-Entity
pieces	NNS	piece	I-Entity
.	.	.	O

Then	RB	then	O
she	PRP	she	O
began	VBD	begin	O
to	TO	to	O
cry	VB	cry	O
,	,	,	O
and	CC	and	O
knew	VBD	know	O
not	RB	not	O
what	WP	what	O
to	TO	to	O
do	VB	do	O
.	.	.	O

'	POS	'	O
Ah	NN	ah	O
!	.	!	O

what	WP	what	O
will	MD	will	O
become	VB	become	O
of	IN	of	O
me	PRP	I	O
?	.	?	O
'	''	'	O
said	VBD	say	O
she	PRP	she	O
;	:	;	O
'what	NN	'what	O
will	MD	will	O
my	PRP$	my	B-Entity
husband	NN	husband	I-Entity
say	VB	say	O
?	.	?	O
'	''	'	O

So	RB	so	O
she	PRP	she	O
ran	VBD	run	O
home	NN	home	B-Entity
and	CC	and	O
told	VBD	tell	O
him	PRP	he	O
all	DT	all	B-Entity
.	.	.	O

'	''	'	O
Who	WP	who	B-Entity
would	MD	would	O
have	VB	have	O
thought	VBN	think	O
you	PRP	you	O
would	MD	would	O
have	VB	have	O
been	VBN	be	O
so	RB	so	O
silly	JJ	silly	O
,	,	,	O
'	''	'	O
said	VBD	say	O
he	PRP	he	O
,	,	,	O
'as	NNS	'a	O
to	TO	to	O
put	VB	put	O
an	DT	a	B-Entity
earthenware	NN	earthenware	I-Entity
stall	VB	stall	I-Entity
in	IN	in	O
the	DT	the	B-Entity
corner	NN	corner	I-Entity
of	IN	of	I-Entity
the	DT	the	I-Entity
market	NN	market	I-Entity
,	,	,	O
where	WRB	where	O
everybody	NN	everybody	B-Entity
passes	NNS	pass	O
?	.	?	O

but	CC	but	O
let	VB	let	O
us	PRP	we	O
have	VB	have	O
no	DT	no	B-Entity
more	RBR	more	I-Entity
crying	VBG	cry	I-Entity
;	:	;	O
I	PRP	I	O
see	VBP	see	O
you	PRP	you	O
are	VBP	be	O
not	RB	not	O
fit	JJ	fit	O
for	IN	for	O
this	DT	this	B-Entity
sort	NN	sort	I-Entity
of	IN	of	I-Entity
work	NN	work	I-Entity
,	,	,	O
so	IN	so	O
I	PRP	I	O
have	VBP	have	O
been	VBN	be	O
to	TO	to	O
the	DT	the	B-Entity
king	NN	king	I-Entity
's	POS	's	I-Entity
palace	NN	palace	I-Entity
,	,	,	O
and	CC	and	O
asked	VBD	ask	O
if	IN	if	O
they	PRP	they	O
did	VBD	do	O
not	RB	not	O
want	VB	want	O
a	DT	a	B-Entity
kitchen-maid	NN	kitchen-maid	I-Entity
;	:	;	O
and	CC	and	O
they	PRP	they	O
say	VBP	say	O
they	PRP	they	O
will	MD	will	O
take	VB	take	O
you	PRP	you	O
,	,	,	O
and	CC	and	O
there	EX	there	O
you	PRP	you	O
will	MD	will	O
have	VB	have	O
plenty	NN	plenty	B-Entity
to	TO	to	I-Entity
eat	VB	eat	I-Entity
.	.	.	O
'	''	'	O

Thus	RB	thus	O
the	DT	the	B-Entity
princess	NN	princess	I-Entity
became	VBD	become	O
a	DT	a	B-Entity
kitchen-maid	NN	kitchen-maid	I-Entity
,	,	,	O
and	CC	and	O
helped	VBD	help	O
the	DT	the	B-Entity
cook	NN	cook	I-Entity
to	TO	to	O
do	VB	do	O
all	PDT	all	B-Entity
the	DT	the	I-Entity
dirtiest	JJS	dirtiest	I-Entity
work	NN	work	I-Entity
;	:	;	O
but	CC	but	O
she	PRP	she	O
was	VBD	be	O
allowed	VBN	allow	O
to	TO	to	O
carry	VB	carry	O
home	NN	home	O
some	DT	some	B-Entity
of	IN	of	I-Entity
the	DT	the	I-Entity
meat	NN	meat	I-Entity
that	WDT	that	I-Entity
was	VBD	be	I-Entity
left	VBN	leave	I-Entity
,	,	,	O
and	CC	and	O
on	IN	on	O
this	DT	this	B-Entity
they	PRP	they	O
lived	VBD	live	O
.	.	.	O

She	PRP	she	O
had	VBD	have	O
not	RB	not	O
been	VBN	be	O
there	RB	there	O
long	RB	long	O
before	IN	before	O
she	PRP	she	O
heard	VBD	hear	O
that	IN	that	O
the	DT	the	B-Entity
king	NN	king	I-Entity
's	POS	's	I-Entity
eldest	JJS	eldest	I-Entity
son	NN	son	I-Entity
was	VBD	be	O
passing	VBG	pass	O
by	IN	by	O
,	,	,	O
going	VBG	go	O
to	TO	to	O
be	VB	be	O
married	VBN	marry	O
;	:	;	O
and	CC	and	O
she	PRP	she	O
went	VBD	go	O
to	TO	to	O
one	CD	one	B-Entity
of	IN	of	I-Entity
the	DT	the	I-Entity
windows	NNS	window	I-Entity
and	CC	and	O
looked	VBD	look	O
out	RP	out	O
.	.	.	O

Everything	NN	everything	B-Entity
was	VBD	be	O
ready	JJ	ready	O
,	,	,	O
and	CC	and	O
all	PDT	all	B-Entity
the	DT	the	I-Entity
pomp	NN	pomp	I-Entity
and	CC	and	I-Entity
brightness	NN	brightness	I-Entity
of	IN	of	I-Entity
the	DT	the	I-Entity
court	NN	court	I-Entity
was	VBD	be	O
there	RB	there	B-Entity
.	.	.	O

Then	RB	then	O
she	PRP	she	O
bitterly	RB	bitterly	O
grieved	VBD	grieve	O
for	IN	for	O
the	DT	the	B-Entity
pride	NN	pride	I-Entity
and	CC	and	I-Entity
folly	NN	folly	I-Entity
which	WDT	which	I-Entity
had	VBD	have	I-Entity
brought	VBN	bring	I-Entity
her	PRP	she	I-Entity
so	RB	so	I-Entity
low	JJ	low	I-Entity
.	.	.	O

And	CC	and	O
the	DT	the	B-Entity
servants	NNS	servant	I-Entity
gave	VBD	give	O
her	PRP	she	O
some	DT	some	B-Entity
of	IN	of	I-Entity
the	DT	the	I-Entity
rich	JJ	rich	I-Entity
meats	NNS	meat	I-Entity
,	,	,	I-Entity
which	WDT	which	I-Entity
she	PRP	she	I-Entity
put	VBD	put	I-Entity
into	IN	into	I-Entity
her	PRP$	she	I-Entity
basket	NN	basket	I-Entity
to	TO	to	I-Entity
take	VB	take	I-Entity
home	NN	home	I-Entity
.	.	.	O

All	DT	all	O
on	IN	on	O
a	DT	a	O
sudden	JJ	sudden	O
,	,	,	O
as	IN	as	O
she	PRP	she	O
was	VBD	be	O
going	VBG	go	O
out	RP	out	O
,	,	,	O
in	IN	in	O
came	VBD	come	O
the	DT	the	B-Entity
king	NN	king	I-Entity
's	POS	's	I-Entity
son	NN	son	I-Entity
in	IN	in	O
golden	JJ	golden	B-Entity
clothes	NNS	clothes	I-Entity
;	:	;	O
and	CC	and	O
when	WRB	when	O
he	PRP	he	O
saw	VBD	see	O
a	DT	a	B-Entity
beautiful	JJ	beautiful	I-Entity
woman	NN	woman	I-Entity
at	IN	at	O
the	DT	the	B-Entity
door	NN	door	I-Entity
,	,	,	O
he	PRP	he	O
took	VBD	take	O
her	PRP	she	O
by	IN	by	O
the	DT	the	B-Entity
hand	NN	hand	I-Entity
,	,	,	O
and	CC	and	O
said	VBD	say	O
she	PRP	she	O
should	MD	should	O
be	VB	be	O
his	PRP$	he	B-Entity
partner	NN	partner	I-Entity
in	IN	in	I-Entity
the	DT	the	I-Entity
dance	NN	dance	I-Entity
;	:	;	O
but	CC	but	O
she	PRP	she	O
trembled	VBD	tremble	O
for	IN	for	O
fear	NN	fear	B-Entity
,	,	,	O
for	IN	for	O
she	PRP	she	O
saw	VBD	see	O
that	IN	that	O
it	PRP	it	O
was	VBD	be	O
King	NNP	King	B-Entity
Grisly-beard	NNP	Grisly-beard	I-Entity
,	,	,	I-Entity
who	WP	who	I-Entity
was	VBD	be	I-Entity
making	VBG	make	I-Entity
sport	NN	sport	I-Entity
of	IN	of	I-Entity
her	PRP	she	I-Entity
.	.	.	O

However	RB	however	O
,	,	,	O
he	PRP	he	O
kept	VBD	keep	O
fast	JJ	fast	O
hold	NN	hold	O
,	,	,	O
and	CC	and	O
led	VBD	lead	O
her	PRP	she	O
in	IN	in	O
;	:	;	O
and	CC	and	O
the	DT	the	B-Entity
cover	NN	cover	I-Entity
of	IN	of	I-Entity
the	DT	the	I-Entity
basket	NN	basket	I-Entity
came	VBD	come	O
off	RP	off	O
,	,	,	O
so	IN	so	O
that	IN	that	O
the	DT	the	B-Entity
meats	NNS	meat	I-Entity
in	IN	in	I-Entity
it	PRP	it	I-Entity
fell	VBD	fall	O
about	RB	about	O
.	.	.	O

Then	RB	then	O
everybody	NN	everybody	B-Entity
laughed	VBD	laugh	O
and	CC	and	O
jeered	VBD	jeer	O
at	IN	at	O
her	PRP	she	O
;	:	;	O
and	CC	and	O
she	PRP	she	O
was	VBD	be	O
so	RB	so	O
abashed	JJ	abashed	O
,	,	,	O
that	IN	that	O
she	PRP	she	O
wished	VBD	wish	O
herself	PRP	herself	O
a	DT	a	B-Entity
thousand	CD	thousand	I-Entity
feet	NNS	foot	I-Entity
deep	JJ	deep	O
in	IN	in	O
the	DT	the	B-Entity
earth	NN	earth	I-Entity
.	.	.	O

She	PRP	she	O
sprang	VBD	spring	O
to	TO	to	O
the	DT	the	B-Entity
door	NN	door	I-Entity
to	TO	to	O
run	VB	run	O
away	RB	away	O
;	:	;	O
but	CC	but	O
on	IN	on	O
the	DT	the	B-Entity
steps	NNS	step	I-Entity
King	NNP	King	B-Entity
Grisly-beard	NN	grisly-beard	I-Entity
overtook	VBD	overtake	O
her	PRP	she	O
,	,	,	O
and	CC	and	O
brought	VBD	bring	O
her	PRP$	she	B-Entity
back	NN	back	O
and	CC	and	O
said	VBD	say	O
,	,	,	O
'	''	'	O
Fear	NN	fear	O
me	PRP	I	O
not	RB	not	O
!	.	!	O

I	PRP	I	O
am	VBP	be	O
the	DT	the	B-Entity
fiddler	NN	fiddler	I-Entity
who	WP	who	I-Entity
has	VBZ	have	I-Entity
lived	VBN	live	I-Entity
with	IN	with	I-Entity
you	PRP	you	I-Entity
in	IN	in	I-Entity
the	DT	the	I-Entity
hut	NN	hut	I-Entity
.	.	.	O

I	PRP	I	O
brought	VBD	bring	O
you	PRP	you	O
there	RB	there	O
because	IN	because	O
I	PRP	I	O
really	RB	really	O
loved	VBD	love	O
you	PRP	you	O
.	.	.	O

I	PRP	I	O
am	VBP	be	O
also	RB	also	O
the	DT	the	B-Entity
soldier	NN	soldier	I-Entity
that	WDT	that	I-Entity
overset	VBD	overset	I-Entity
your	PRP$	you	I-Entity
stall	VB	stall	I-Entity
.	.	.	O

I	PRP	I	O
have	VBP	have	O
done	VBN	do	O
all	PDT	all	B-Entity
this	DT	this	I-Entity
only	RB	only	O
to	TO	to	O
cure	VB	cure	O
you	PRP	you	O
of	IN	of	O
your	PRP$	you	B-Entity
silly	JJ	silly	I-Entity
pride	NN	pride	I-Entity
,	,	,	O
and	CC	and	O
to	TO	to	O
show	VB	show	O
you	PRP	you	O
the	DT	the	B-Entity
folly	NN	folly	I-Entity
of	IN	of	I-Entity
your	PRP$	you	I-Entity
ill-treatment	NN	ill-treatment	I-Entity
of	IN	of	I-Entity
me	PRP	I	I-Entity
.	.	.	O

Now	RB	now	O
all	DT	all	B-Entity
is	VBZ	be	O
over	IN	over	O
:	:	:	O
you	PRP	you	O
have	VBP	have	O
learnt	VBN	learn	O
wisdom	NN	wisdom	B-Entity
,	,	,	O
and	CC	and	O
it	PRP	it	O
is	VBZ	be	O
time	NN	time	B-Entity
to	TO	to	I-Entity
hold	VB	hold	I-Entity
our	PRP$	we	I-Entity
marriage	NN	marriage	I-Entity
feast	NN	feast	I-Entity
.	.	.	O
'	''	'	O

Then	RB	then	O
the	DT	the	B-Entity
chamberlains	NNS	chamberlain	I-Entity
came	VBD	come	O
and	CC	and	O
brought	VBD	bring	O
her	PRP	she	O
the	DT	the	B-Entity
most	RBS	most	I-Entity
beautiful	JJ	beautiful	I-Entity
robes	NNS	robe	I-Entity
;	:	;	O
and	CC	and	O
her	PRP$	she	B-Entity
father	NN	father	I-Entity
and	CC	and	I-Entity
his	PRP$	he	I-Entity
whole	JJ	whole	I-Entity
court	NN	court	I-Entity
were	VBD	be	O
there	EX	there	O
already	RB	already	O
,	,	,	O
and	CC	and	O
welcomed	VBD	welcome	O
her	PRP$	she	B-Entity
home	NN	home	B-Entity
on	IN	on	O
her	PRP$	she	B-Entity
marriage	NN	marriage	I-Entity
.	.	.	O

Joy	NNP	Joy	B-Entity
was	VBD	be	O
in	IN	in	O
every	DT	every	B-Entity
face	NN	face	I-Entity
and	CC	and	O
every	DT	every	B-Entity
heart	NN	heart	I-Entity
.	.	.	O

The	DT	the	B-Entity
feast	NN	feast	I-Entity
was	VBD	be	O
grand	JJ	grand	O
;	:	;	O
they	PRP	they	O
danced	VBD	dance	O
and	CC	and	O
sang	VBD	sing	O
;	:	;	O
all	DT	all	B-Entity
were	VBD	be	O
merry	JJ	merry	O
;	:	;	O
and	CC	and	O
I	PRP	I	O
only	RB	only	O
wish	VBP	wish	O
that	IN	that	O
you	PRP	you	B-Entity
and	CC	and	I-Entity
I	PRP	I	I-Entity
had	VBD	have	O
been	VBN	be	O
of	IN	of	O
the	DT	the	B-Entity
party	NN	party	I-Entity
.	.	.	O

